seq_id,FastSpin-LT-1-1,FastSpin-LT-2-1,FastSpin-LT-2-2,FastSpin-LT-2-3,FastSpin-LT-3-1,FastSpin-LT-3-2,FastSpin-LT-3-3,FastSpin-LT-4-2,FastSpin-LT-4-3,FastSpin-LT-5-1,FastSpin-LT-5-2,FastSpin-LT-5-3,PowerSoil-LT-1-1,PowerSoil-LT-1-2,PowerSoil-LT-1-3,PowerSoil-LT-2-1,PowerSoil-LT-2-2,PowerSoil-LT-2-3,PowerSoil-LT-3-1,PowerSoil-LT-3-2,PowerSoil-LT-3-3,PowerSoil-LT-4-1,PowerSoil-LT-4-2,PowerSoil-LT-4-3,PowerSoil-LT-5-1,PowerSoil-LT-5-2,PowerSoil-LT-5-3,ZymoMagbead-HT-1-2,ZymoMagbead-HT-2-1,ZymoMagbead-HT-2-2,ZymoMagbead-HT-2-3,ZymoMagbead-HT-3-1,ZymoMagbead-HT-3-2,ZymoMagbead-HT-3-3,ZymoMagbead-HT-4-1,ZymoMagbead-HT-4-2,ZymoMagbead-HT-4-3,ZymoMagbead-HT-5-1,ZymoMagbead-HT-5-2,ZymoMagbead-HT-5-3,PowerSoil-Pro-HT-1-1,PowerSoil-Pro-HT-1-2,PowerSoil-Pro-HT-1-3,PowerSoil-Pro-HT-2-1,PowerSoil-Pro-HT-2-2,PowerSoil-Pro-HT-2-3,PowerSoil-Pro-HT-3-2,PowerSoil-Pro-HT-3-3,PowerSoil-Pro-HT-4-1,PowerSoil-Pro-HT-4-2,PowerSoil-Pro-HT-4-3,PowerSoil-Pro-HT-5-1,PowerSoil-Pro-HT-5-2,PowerSoil-Pro-HT-5-3,FastSpin-HT-1-1,FastSpin-HT-1-2,FastSpin-HT-1-3,FastSpin-HT-2-1,FastSpin-HT-2-2,FastSpin-HT-2-3,FastSpin-HT-3-1,FastSpin-HT-3-2,FastSpin-HT-4-1,FastSpin-HT-4-2,FastSpin-HT-4-3,FastSpin-HT-5-1,FastSpin-HT-5-2,FastSpin-HT-5-3
FastSpin-LT-1-1,0,0.7263955864780055,0.7262840780634918,0.7183728384921073,0.7048985278908507,0.7008486961173424,0.6940516576293198,0.8814336825504194,0.8832819851307608,0.9924691071793151,0.993374394565358,0.9927331669155227,0.2714198268543289,0.2580815323505845,0.27045727113379886,0.7327368947458017,0.7261981039241338,0.7279331149063183,0.73183123869019,0.749047792310562,0.7254882870245355,0.8739937766427625,0.8678151889999082,0.8703831045567136,0.9956830656201012,0.9895792603478752,0.9941801306512389,0.4154654646618289,0.7654739376923851,0.7829176539249095,0.7608588941716059,0.7701657081984293,0.7678425304183427,0.76382860708288,0.8909516137794785,0.8947677408680765,0.8837443288063427,0.9954995811394856,0.9934881503396529,0.9961394254486642,0.2349052776905207,0.2192733192474021,0.2508154479641712,0.7440362839898512,0.7295490481883579,0.7542415020702958,0.710264895466702,0.6819069161571539,0.8759289024883246,0.8681030182368371,0.8702596100875025,0.9933263610145036,0.9894293786843501,0.9889164356846702,0.27538023074614976,0.30803978656968,0.21858831376977209,0.752115462200808,0.7592681868327178,0.7575989567248493,0.7339223844144322,0.7255580619803995,0.8871015017358602,0.8950617990360563,0.9027103226907507,0.9912163755937383,0.9908535079803895,0.9914310440348444
FastSpin-LT-2-1,0.7263955864780055,0,0.11988543229383536,0.12200870704687927,0.3593457908073298,0.3521230125232587,0.34707195497065296,0.9556612540731083,0.952417114193755,0.995943087161296,0.9952867733660697,0.9958568880797415,0.7017527743885598,0.7083624962973795,0.7155989102701698,0.17803213604789278,0.2133963828216695,0.19061956759513932,0.3857567833754047,0.41816665700922767,0.3893134385259248,0.9545365272836618,0.9504945668227115,0.952999466338369,0.9979978425480899,0.9964035753809319,0.9983258841228566,0.7518184705641723,0.36936250068943094,0.34987637433466184,0.35260160283152814,0.47137062909496763,0.47435927840360625,0.44241565272023187,0.9581593910801777,0.9617880632984515,0.9531137580875989,0.9961645066575313,0.995067935058687,0.9965847770888604,0.6710107819256801,0.6833488533160671,0.6645352062373864,0.180185278996851,0.16001883115281743,0.15078214492615521,0.3184729198475848,0.35570663930910973,0.9503576217259244,0.9419680079931968,0.9473219455060798,0.997521446305164,0.9966664755782382,0.9952202016533414,0.6743538734414872,0.653259871074689,0.659614324776353,0.20670507288776932,0.20728966734299742,0.200653456674438,0.34625215635700357,0.33385513300375474,0.947086840956385,0.9519629364359696,0.9551700552370562,0.9965144862304354,0.9950740829373599,0.9968797165832807
FastSpin-LT-2-2,0.7262840780634918,0.11988543229383536,0,0.11556380194316469,0.36589580691542695,0.34231065882462136,0.3483499871672122,0.9583572367554614,0.9553823717653027,0.9971113009330301,0.9954188232646966,0.9966245184838455,0.7018912703220114,0.7074463449979959,0.7134325091678174,0.17140978852801622,0.21573463867420306,0.18391682067738094,0.3910526403202544,0.4280667110715541,0.3963819698038261,0.9577396390109625,0.9535517573836716,0.9564494761223329,0.9979967420877304,0.9968140510150336,0.9983206716102387,0.7436180962930069,0.3693289567701009,0.35320023348254864,0.3492774899636897,0.4816732007139617,0.48549932327363116,0.4526879578148057,0.9613008962598428,0.9636794695946728,0.9558681917511418,0.9964570945126036,0.9956403271645857,0.996574110733008,0.6581403568915096,0.6800704981913153,0.6630559101161311,0.18539057997378505,0.15570841733217206,0.1524579154146747,0.31497349249314993,0.3503217972776342,0.952679880558164,0.9429538433443911,0.9504038948875614,0.9977691323442069,0.9971300052644607,0.9944683898346045,0.6673176194594703,0.6405832760626211,0.654760919747425,0.2079623026686276,0.2063299223268262,0.19819276013709575,0.3463871408898495,0.33678130098987497,0.9489424452839035,0.9546663437193109,0.9562400111093148,0.9958891252161631,0.995074654650714,0.9965733871499572
FastSpin-LT-2-3,0.7183728384921073,0.12200870704687927,0.11556380194316469,0,0.344449219984031,0.3296566079721319,0.3360679155811564,0.9554857765927943,0.9518721144845715,0.99636820208609,0.9943153541961469,0.9967407203871286,0.6909607305951089,0.6986824181003187,0.7054976553090084,0.1654451520760162,0.20362276772549323,0.16652668587573016,0.36586898754519603,0.399300199906397,0.36739667190185954,0.9548145800916938,0.9497586442963891,0.9524405641684011,0.9980273364636292,0.9965108430150778,0.9982696046486222,0.7340799512782797,0.3684907918726481,0.34484320004944663,0.3554866516670473,0.45500493418455357,0.4613825273682132,0.4251716281469049,0.9573922597657197,0.9607391925008253,0.9524139700961538,0.9952647250125198,0.9948266113325659,0.9964038760720032,0.6513442641562437,0.6700376446856949,0.6523705546412809,0.20056229155598074,0.16690001651454628,0.17004837863016412,0.30422694887910917,0.3391911413150208,0.9498748511694167,0.9417614092513883,0.9467842378239044,0.9982233738273909,0.9971077639839668,0.9949564858073582,0.6598464797700014,0.6318690300220985,0.6447316155964146,0.2112377613725378,0.21828568720782165,0.21809901874178128,0.34997839015258203,0.32871260240563266,0.9464029326129746,0.9520161521820916,0.9545913868892019,0.9959984058032232,0.9945177927583422,0.9960583484204653
FastSpin-LT-3-1,0.7048985278908507,0.3593457908073298,0.36589580691542695,0.344449219984031,0,0.15929851895066685,0.18411467393591877,0.948097827081809,0.9421310273813281,0.9959459388802515,0.992616890557014,0.9962425416696142,0.6790973229830426,0.6842440401072868,0.6904429874529425,0.33671117027881314,0.3458243698383279,0.3447788229837628,0.19957255623279202,0.24302949023466874,0.21587061603991506,0.9494029397508439,0.9385888800236617,0.9439300013725382,0.9980571497468684,0.9970257550414524,0.9986792723202701,0.7327064629682456,0.4658045749413744,0.4342437944404966,0.44506172718790826,0.3087037692028177,0.30134711714513623,0.27689425638290877,0.9459073489691289,0.9476325443116395,0.942371380862211,0.9932552291237958,0.9923128665609776,0.9962055882789084,0.6572876657662111,0.6670339660898551,0.6418167413366987,0.39617627529385513,0.3715321803645914,0.41062058514567873,0.19660784683099983,0.210881792077577,0.9435001683149186,0.9343731558614476,0.9395890055958088,0.9979293477199195,0.9971649877524171,0.9947981134587929,0.6563538650370428,0.6296188486100807,0.635661307099515,0.39773653679429305,0.43427982283032684,0.4365667682422851,0.21091527425732975,0.21951917792726747,0.9389886218197853,0.9443174630196985,0.9468123186769024,0.9958096730408275,0.9948090960101942,0.9967174287486084
FastSpin-LT-3-2,0.7008486961173424,0.3521230125232587,0.34231065882462136,0.3296566079721319,0.15929851895066685,0,0.16009156103669459,0.9522550158253201,0.9470327815432901,0.99570160012571,0.992030864405827,0.9957292395419512,0.6719954495081483,0.6749216509187964,0.6845449157095945,0.317303586949095,0.31458144265876403,0.33014932462191926,0.1865651107736835,0.22149218256410247,0.1815763133690684,0.9516150936855904,0.9440582191342521,0.9476954072598317,0.9980045380460836,0.9969751387517202,0.998392029261165,0.7253393254627208,0.4290132080722333,0.4214605567915657,0.399676745474529,0.279483143638975,0.280699023869487,0.25083466956312045,0.9497020014191001,0.9504556545696418,0.9449678346917039,0.9935069941326495,0.9923997979748967,0.9962253174901652,0.6514965112076864,0.6594850273378906,0.6352184989229717,0.376407172018466,0.36356453821780843,0.3938370162467991,0.1688090280251621,0.1837417625218652,0.9477703123696386,0.9368366678751285,0.9425880015682176,0.9974394321410006,0.9965002369515353,0.9943279162027016,0.6470885109128913,0.6244138447960335,0.6320111374159131,0.39320835288944483,0.41596412542815486,0.41470412946199203,0.20792984071214313,0.21721030533106447,0.9414830047698749,0.9464725216582314,0.9483600662231926,0.9959734934649315,0.9942082856093185,0.9961444755029838
FastSpin-LT-3-3,0.6940516576293198,0.34707195497065296,0.3483499871672122,0.3360679155811564,0.18411467393591877,0.16009156103669459,0,0.9493321844148135,0.944004018085265,0.9949189204176588,0.9919430421561346,0.9954038146717107,0.6663017589875083,0.6752386121232383,0.677361613254676,0.3113696103538358,0.30400441553596713,0.33127261758195803,0.19917413627842098,0.2224466229380096,0.2010714157852918,0.9493167748965691,0.9396248957674281,0.9441808960773576,0.9981073582005872,0.9967014327828247,0.9982732456139187,0.7156174118754411,0.4176071963695748,0.40006944500917857,0.38939523952151006,0.27309283092307757,0.265025216706816,0.2523923181205778,0.9462758635364591,0.9472107022840884,0.9417943004566952,0.9928697205620021,0.9921640098598591,0.9955654735379296,0.6600857873642768,0.6639124660264578,0.6499647691682838,0.3896917139822922,0.37568772907719095,0.4020662045814046,0.19812579845429945,0.20868808414981932,0.9450306010197456,0.9359490439070842,0.9394678813277637,0.9968146679681303,0.9959806444693381,0.9950699230187446,0.6603280244143225,0.6284352624820718,0.6429366257992946,0.41756631213567524,0.4264350530840621,0.42883742406427744,0.22708157543057803,0.23443099950123616,0.9391679946747687,0.9439849005208445,0.9466593218737929,0.9958050577343498,0.9942784448457758,0.9954466810153698
FastSpin-LT-4-2,0.8814336825504194,0.9556612540731083,0.9583572367554614,0.9554857765927943,0.948097827081809,0.9522550158253201,0.9493321844148135,0,0.09331000892982604,0.9937839777416492,0.9903127831484487,0.9926025385352694,0.9042597593066931,0.9004529450561912,0.901183254507742,0.9602061265238488,0.9601911174503641,0.9601993879718429,0.9537805376154433,0.9557106797226926,0.9525713708381723,0.14951047873978004,0.15703467483901218,0.1798487439080694,0.9970537927290581,0.9909855426660069,0.9972411161650778,0.9173699113467171,0.9619265003115628,0.9628884412145363,0.9649029800228238,0.960459863736318,0.9592919758008767,0.9596157639075901,0.19676402696715561,0.18780071057305633,0.17574041219003436,0.9910155165819982,0.9889660057861227,0.99444381117264,0.8983539446131005,0.8910739788749432,0.8891089823172784,0.9582905912214603,0.9521630704664825,0.9598757414400668,0.9497751829052395,0.9109902551875529,0.09827569760562668,0.09898044322578506,0.11735863440467316,0.9941771787189791,0.9931161911016892,0.9921291440812677,0.8901627450379047,0.9067466985047884,0.8873856495044348,0.956694375700249,0.9627385314753573,0.9601757626107545,0.9517820565592706,0.9520441282309045,0.1168568463915689,0.1013554403396553,0.14065117999583207,0.9923679105779786,0.9923892567797307,0.9939039553087727
FastSpin-LT-4-3,0.8832819851307608,0.952417114193755,0.9553823717653027,0.9518721144845715,0.9421310273813281,0.9470327815432901,0.944004018085265,0.09331000892982604,0,0.992552795000892,0.9895178924722083,0.9914656684834833,0.9043630216050734,0.900738064610081,0.9020394572395013,0.9568302675269678,0.9567996530751729,0.9566802510666698,0.9482157921840518,0.950732180605966,0.9477066003354224,0.18093136549953143,0.18685678189157484,0.21420547905438123,0.9959678850401559,0.9897687915239741,0.996003123002274,0.9201134237066572,0.9587864904616292,0.9604579718485111,0.9604159449983711,0.9558222012558227,0.9543110052301711,0.9547662202880909,0.20530443486268432,0.19997287105691006,0.1995960606367855,0.990500457078132,0.9887527772077185,0.9943753103896422,0.8985766804991558,0.89320132261943,0.8906297111813348,0.9537556785030863,0.9489371867409694,0.9564584024883082,0.9446426853733991,0.9070371780761014,0.11969561491904493,0.11231327728122786,0.13822173868540316,0.9929530937432167,0.9920768974632813,0.9917838125717243,0.8913982766012134,0.9074097933685539,0.8877497776454469,0.953217848582506,0.959384896341426,0.9567331168085852,0.945610578680568,0.9470554573758835,0.1368474759073686,0.10307278521151231,0.1426540510006123,0.9912603682840889,0.9914257252535534,0.9928130611362243
FastSpin-LT-5-1,0.9924691071793151,0.995943087161296,0.9971113009330301,0.99636820208609,0.9959459388802515,0.99570160012571,0.9949189204176588,0.9937839777416492,0.992552795000892,0,0.13234668032848254,0.11617441205159398,0.9925392222366881,0.9931651986606541,0.9931576571734715,0.9968674342378863,0.9966593928084158,0.9966281493062046,0.9963070021432345,0.9965341655428813,0.9965746388994302,0.9917509343661299,0.9916614632668089,0.9919250459930031,0.21594412169868954,0.1687169468812936,0.14424901280663943,0.9950598169197232,0.9963392019088222,0.9975610760508261,0.9968785408574996,0.9978017685082088,0.9970212769292031,0.9970923108728621,0.9935449936703666,0.9931939708304123,0.9928889423907096,0.3326554405687998,0.2635776749420103,0.2713395238755097,0.994817086267029,0.9923436095880632,0.9924224145972882,0.9974566411896438,0.9958566002802962,0.9964679049706694,0.995062095973476,0.9943989229743891,0.9933275037825453,0.9936194291330469,0.9926657079188586,0.1997612841965736,0.2365276479200092,0.2326188394934072,0.992843694575001,0.9938178168129498,0.9935275216149769,0.9972811119234641,0.9974236582543117,0.9967620243744635,0.9952467062850613,0.9958296275184209,0.993796235069392,0.9939921714745409,0.9932247208335802,0.17558186535156792,0.1956396722550321,0.17607687710662023
FastSpin-LT-5-2,0.993374394565358,0.9952867733660697,0.9954188232646966,0.9943153541961469,0.992616890557014,0.992030864405827,0.9919430421561346,0.9903127831484487,0.9895178924722083,0.13234668032848254,0,0.10195843446126931,0.9941278355626478,0.99358020270104,0.9947835914616475,0.9957539458249651,0.9956436722587512,0.9961247574024265,0.9930083078915832,0.993174825495835,0.992440411735088,0.9887038868684698,0.9881339133092024,0.9880299834953431,0.17466057383532316,0.18154498142359446,0.15448819906527445,0.9958721151943943,0.9939815031791409,0.9945096100799701,0.9945846157059285,0.9938327805669459,0.9934873734156082,0.9940397106232577,0.9894642483364652,0.9895664115625223,0.988613347558999,0.3298452603132817,0.27103423410566924,0.2852213114888231,0.9951436030865632,0.9936711470672009,0.9942994793667548,0.996603502307938,0.9929166658604136,0.9958697053871277,0.991729647022231,0.99054225700799,0.9905129006997949,0.9905299843607743,0.9895613867809493,0.21431075299421615,0.24779946959104499,0.22054712712040306,0.9943602555539205,0.9951868028809225,0.994363654481133,0.9941308157128158,0.9962236826431982,0.9949386288038256,0.9928138234452485,0.9922303802439111,0.9902956633486278,0.9902736475887665,0.9898265587605038,0.16809188015266416,0.1968238497778907,0.1864637387628401
FastSpin-LT-5-3,0.9927331669155227,0.9958568880797415,0.9966245184838455,0.9967407203871286,0.9962425416696142,0.9957292395419512,0.9954038146717107,0.9926025385352694,0.9914656684834833,0.11617441205159398,0.10195843446126931,0,0.9927986708835624,0.9930282033601586,0.9933847509553989,0.9967918800536365,0.9966858674963779,0.9969936426717084,0.9969987119266532,0.9969770818061948,0.9962844139273025,0.9908441602429269,0.9903001416762057,0.9905876617765882,0.2097015617402481,0.15716603823574612,0.1282217586613721,0.9962711988049441,0.9960805241817376,0.9980719594772347,0.9972151171499423,0.9975745085382757,0.9970820193366536,0.9975500499656751,0.9918775835334808,0.992170397667194,0.9911175083787468,0.3209008167952428,0.2618244029641223,0.26906066199860457,0.99557806362068,0.9925885081617684,0.993615802883984,0.9977019958594775,0.9958097626404632,0.9962196687003438,0.9952814882855104,0.9942515726643044,0.9919592817232278,0.9924215186130431,0.9913951175426694,0.17546081857834497,0.20083202522807256,0.20938730348078147,0.9937686780817079,0.9949378375708832,0.9934054335068307,0.9971611378454643,0.99738669884403,0.9969037505981669,0.9964691138878319,0.9954351226069659,0.992735236543274,0.9924234690445555,0.9924198295233124,0.12896941368792803,0.16050340751656503,0.1422573902272541
PowerSoil-LT-1-1,0.2714198268543289,0.7017527743885598,0.7018912703220114,0.6909607305951089,0.6790973229830426,0.6719954495081483,0.6663017589875083,0.9042597593066931,0.9043630216050734,0.9925392222366881,0.9941278355626478,0.9927986708835624,0,0.15958103038737045,0.1721840077391137,0.7033501700330699,0.692313154368519,0.694915576255472,0.7017895602771362,0.7225025729537705,0.6931948545135331,0.8965042654452982,0.8925941154059039,0.8959255080976789,0.9961104488332224,0.9900411871112299,0.9943906494636191,0.3085553983699247,0.7307180831207623,0.7335778743810969,0.7250771156625594,0.7401190756726953,0.735559239894758,0.7366261789224379,0.9070817038453511,0.9104560380300548,0.9012142616558196,0.9961161583700324,0.9938956490911454,0.9959907168254432,0.29417171450697166,0.2636445287213203,0.2593642274427591,0.7255479792554149,0.7068781992786234,0.7319738962221298,0.6930488309143112,0.6621997435106095,0.8974725949892479,0.8907376748656894,0.8918410222143432,0.9936833513213462,0.9914478861997623,0.9896178784488472,0.2924232426019726,0.30456309792678316,0.26924161007497066,0.7364355422777465,0.7410383029712584,0.7391965743360946,0.7199287299030904,0.7058747201303863,0.9029208920507505,0.9108147788142923,0.9167885182252927,0.9925699558757093,0.9910664966815328,0.9926560910089032
PowerSoil-LT-1-2,0.2580815323505845,0.7083624962973795,0.7074463449979959,0.6986824181003187,0.6842440401072868,0.6749216509187964,0.6752386121232383,0.9004529450561912,0.900738064610081,0.9931651986606541,0.99358020270104,0.9930282033601586,0.15958103038737045,0,0.15916391607063424,0.710486585919866,0.7021867580991712,0.7068305913121108,0.7058165766251616,0.7226228523922675,0.6993687780105784,0.8943589724797928,0.8910521920095116,0.8912438022415077,0.9964252678432648,0.991416705523556,0.9959325746575753,0.3162327503172183,0.7361027348814227,0.7436713634427079,0.7261456598017113,0.7429174637882505,0.7349919244904732,0.7406373871412456,0.903358972417534,0.9080421971920037,0.8989502518482749,0.9962795990504685,0.9942948244783836,0.9960613378104461,0.2749514770135912,0.25177590351725887,0.2594268348585994,0.7295158938804673,0.7122224494105114,0.738407724112772,0.6971305363174481,0.6645912897296498,0.896667377196995,0.8868363037666911,0.8925334584845906,0.9953457615539427,0.9927970345220081,0.9899010446191735,0.2755921596569095,0.30413938422792236,0.26412017457654124,0.7415952573857882,0.743999518996499,0.7419278002149285,0.7242604510051271,0.7091148120939876,0.8979794848723405,0.905965889295677,0.912412008700102,0.9928028736640296,0.9923233623063779,0.993380455732811
PowerSoil-LT-1-3,0.27045727113379886,0.7155989102701698,0.7134325091678174,0.7054976553090084,0.6904429874529425,0.6845449157095945,0.677361613254676,0.901183254507742,0.9020394572395013,0.9931576571734715,0.9947835914616475,0.9933847509553989,0.1721840077391137,0.15916391607063424,0,0.7148961255217094,0.7096682081307963,0.7124431836601055,0.7119240979498493,0.7272805074483205,0.7023027500246358,0.8920868226620717,0.8893935956803638,0.89187033425737,0.9963121830693132,0.9904734878437461,0.9953281707303331,0.3046984691161277,0.7428874635942264,0.74618106542097,0.7311524410876323,0.7415347831161916,0.7365942256519598,0.7443044737616916,0.9023567915181868,0.9098688195674511,0.896723631118649,0.9965243817534936,0.9948620589506058,0.9966549449821294,0.301185570394628,0.2839846568454675,0.28815029297476247,0.7363445943807542,0.7204412898391981,0.7446363363137178,0.7052767457645049,0.6760470964928229,0.896966684810224,0.8881800236609685,0.8901628826395571,0.9947075779148583,0.9923611305291974,0.9901831815185287,0.3140609246644089,0.3341824181251448,0.2876031456667367,0.7491316574656761,0.7511588170201727,0.7520647933064527,0.7382975238047872,0.7282558651437322,0.9007048021676565,0.907903059658027,0.9148516825761865,0.9932861427993751,0.9921869034257387,0.9938461675733206
PowerSoil-LT-2-1,0.7327368947458017,0.17803213604789278,0.17140978852801622,0.1654451520760162,0.33671117027881314,0.317303586949095,0.3113696103538358,0.9602061265238488,0.9568302675269678,0.9968674342378863,0.9957539458249651,0.9967918800536365,0.7033501700330699,0.710486585919866,0.7148961255217094,0,0.12871488934922323,0.11589474591023645,0.31972705858652184,0.3495670430006721,0.3188462011682294,0.9592095493070382,0.955539873003991,0.9573937963398919,0.998393281201152,0.9971457691294698,0.9986726765883001,0.7444612490980074,0.3013422424475493,0.2740028568669096,0.2810586436462796,0.38938320017718747,0.39803434578565294,0.36564654549264597,0.9628086514934494,0.9651251454615201,0.9571747668330735,0.9959104390771785,0.9954274646177478,0.9965287316611183,0.6766922158512728,0.6972016838952475,0.6775867838125967,0.24810434107000226,0.2583957969461427,0.21158859444125777,0.31138091841704607,0.35117886629601663,0.9552887354380705,0.9472381922571957,0.9514090001271199,0.9982635560489265,0.997778291605146,0.9955429948831591,0.6807539500324065,0.6537610779533676,0.6633430564387306,0.27491312015028735,0.30420514704426355,0.2767979120695897,0.366708279549962,0.3437896327053699,0.9510396576079772,0.9557342227093084,0.958626889871077,0.9968141866355078,0.9951815805238756,0.9973201257186171
PowerSoil-LT-2-2,0.7261981039241338,0.2133963828216695,0.21573463867420306,0.20362276772549323,0.3458243698383279,0.31458144265876403,0.30400441553596713,0.9601911174503641,0.9567996530751729,0.9966593928084158,0.9956436722587512,0.9966858674963779,0.692313154368519,0.7021867580991712,0.7096682081307963,0.12871488934922323,0,0.12858977043790593,0.3068804891011392,0.3242283627191758,0.29484771921718345,0.958876020467137,0.9551658575799774,0.9575831155414036,0.9981878969534528,0.9962225358914545,0.9983699487503606,0.7370520265304673,0.26121366696393333,0.23538377662060786,0.24113418390179292,0.36655466560708766,0.3777459599878413,0.34396483849776704,0.9629794566314378,0.9649410998700714,0.9575137331204064,0.9955804538839115,0.995090389146541,0.9966040587197025,0.6759181374756252,0.6914354861422202,0.6771089735117708,0.2937152552069533,0.31363218814066746,0.2559080755363622,0.33408618650886795,0.3591964465282138,0.9545742195001067,0.9460116488586442,0.9516285487797672,0.9980671149258947,0.9973697864350248,0.9959253531710963,0.6795515783324878,0.6563311232510389,0.6659370900492655,0.32047834124550134,0.3522902204033182,0.3281161498311899,0.39815938727623307,0.3669517262566281,0.9505232228034007,0.9561377276848574,0.958432410332659,0.9962796409307755,0.9955462141246191,0.996427285697097
PowerSoil-LT-2-3,0.7279331149063183,0.19061956759513932,0.18391682067738094,0.16652668587573016,0.3447788229837628,0.33014932462191926,0.33127261758195803,0.9601993879718429,0.9566802510666698,0.9966281493062046,0.9961247574024265,0.9969936426717084,0.694915576255472,0.7068305913121108,0.7124431836601055,0.11589474591023645,0.12858977043790593,0,0.32814919549646654,0.34695640473254336,0.319864387920209,0.9587760774676165,0.9550771452281933,0.957451656401564,0.9980697481691085,0.9965346052557161,0.9987167849325457,0.7405051261871755,0.3029990553815623,0.2640314553611772,0.29348777753732525,0.3995719029459654,0.41031587713742007,0.369090593741796,0.9628385422842939,0.9647062341994677,0.9570615386553879,0.99678513221988585,0.9964075493679525,0.997257196149858,0.6694091605923399,0.6879891207244715,0.6727905413273518,0.25362591100366483,0.2669433958389844,0.2162364527297908,0.3233141234434447,0.3565659959578006,0.9543986175656407,0.9454085664477619,0.9516206785390255,0.9980063125684121,0.9976274515738274,0.995544063139895,0.6779955854696341,0.6503950862508465,0.6609554372315696,0.2761748243021204,0.31162861530122365,0.2898628567768725,0.37835943612103173,0.35433475195070724,0.9506889537413122,0.9557539596742799,0.9574348736372925,0.9964504383669844,0.9954929648755285,0.9966660298036187
PowerSoil-LT-3-1,0.73183123869019,0.3857567833754047,0.3910526403202544,0.36586898754519603,0.19957255623279202,0.1865651107736835,0.19917413627842098,0.9537805376154433,0.9482157921840518,0.9963070021432345,0.9930083078915832,0.9969987119266532,0.7017895602771362,0.7058165766251616,0.7119240979498493,0.31972705858652184,0.3068804891011392,0.32814919549646654,0,0.1673479225517735,0.13559340359661834,0.9535021218674243,0.9452188020540601,0.9498859605082034,0.998373672557164,0.9969614143122202,0.998566396454412,0.752683269127115,0.41608586318251983,0.3900929349391372,0.3994975688739294,0.2295909248525529,0.2316756435274141,0.1851224979842837,0.9519497679643836,0.9515377954368999,0.9470106379245748,0.9936569306010938,0.9929947398553505,0.9961695530914437,0.7000062668298817,0.7007836455331854,0.686358929839201,0.40597062605149054,0.41608512171294443,0.40910559250773776,0.21818173711395258,0.2512570706946214,0.9493753924656088,0.9391005100793083,0.9444476330129,0.9980605213176319,0.9973787297218092,0.9957539712614942,0.6931454357990883,0.657830152584556,0.680717110193408,0.4305979029680597,0.4639761065427402,0.4473024608866883,0.25371647523215024,0.25653452019432654,0.9438772543232634,0.9485860851944378,0.9504170411618493,0.9963056810761685,0.9945104329682956,0.9965985098414147
PowerSoil-LT-3-2,0.749047792310562,0.41816665700922767,0.4280667110715541,0.399300199906397,0.24302949023466874,0.22149218256410247,0.2224466229380096,0.9557106797226926,0.950732180605966,0.9965341655428813,0.993174825495835,0.9969770818061948,0.7225025729537705,0.7226228523922675,0.7272805074483205,0.3495670430006721,0.3242283627191758,0.34695640473254336,0.1673479225517735,0,0.13986481886684604,0.9565686445902752,0.9494414587368837,0.954093352415047,0.9983524204626543,0.9972754970542078,0.9986340338554837,0.7679989317825702,0.3918711461334471,0.34030111011735553,0.3884815813818505,0.1776791713191336,0.19702360916451145,0.14821776113206117,0.9561073718241587,0.9572794591001772,0.9524308738540697,0.9939876493911953,0.9932416551558074,0.9964291234218916,0.7270455878307981,0.7232317564745794,0.7134416559756382,0.43129148635916337,0.45644730052074667,0.4384930125387534,0.2788955548103047,0.30984584543090965,0.9528036866135,0.9437797601772073,0.9484308328953996,0.9976035551212603,0.9976393119250395,0.9951383589469072,0.7194263490014784,0.7034150263754569,0.707059883673407,0.4676642098860381,0.49625073156868915,0.47777323253146087,0.30900419445597793,0.31785002793833456,0.9472242907264342,0.9511633988424014,0.9559011967283665,0.9966745195596171,0.9949887977947934,0.9974036336385409
PowerSoil-LT-3-3,0.7254882870245355,0.3893134385259248,0.3963819698038261,0.36739667190185954,0.21587061603991506,0.1815763133690684,0.2010714157852918,0.9525713708381723,0.9477066003354224,0.9965746388994302,0.992440411735088,0.9962844139273025,0.6931948545135331,0.6993687780105784,0.7023027500246358,0.3188462011682294,0.29484771921718345,0.319864387920209,0.13559340359661834,0.13986481886684604,0,0.9523872015024686,0.9445207005237337,0.9495886644464986,0.9983981776622698,0.9963969146293633,0.9985821955438368,0.7432886067196542,0.39506793606367774,0.3567097118266754,0.3801712473222104,0.19434582194828415,0.21209484890724034,0.16796155125967774,0.9503994328363078,0.9511288725874248,0.9463419420545806,0.9941473704203545,0.9926197836727516,0.9961648938082398,0.6931169613110587,0.6977684612040084,0.6824882715372462,0.4151282335366849,0.4300870680809366,0.41643286426670106,0.24562732249154112,0.27466832451757656,0.9491065371336438,0.9391909567972663,0.9442582305621938,0.9978017855240134,0.9965185414142738,0.9954795029669239,0.6917370656893373,0.6663413563792444,0.6726896855263015,0.44719219322621345,0.4755640890166456,0.46376512350493343,0.28738516949991566,0.28587730373802517,0.9427190813377944,0.946947764271745,0.9504798426881061,0.995873831910317,0.9942524586900083,0.9959249805957382
PowerSoil-LT-4-1,0.8739937766427625,0.9545365272836618,0.9577396390109625,0.9548145800916938,0.9494029397508439,0.9516150936855904,0.9493167748965691,0.14951047873978004,0.18093136549953143,0.9917509343661299,0.9887038868684698,0.9908441602429269,0.8965042654452982,0.8943589724797928,0.8920868226620717,0.9592095493070382,0.958876020467137,0.9587760774676165,0.9535021218674243,0.9565686445902752,0.9523872015024686,0,0.08388319070359143,0.10732406403055308,0.9959795253910141,0.9890973111823799,0.9962581473390297,0.9121862040370768,0.9618406911448094,0.9627676171026999,0.9639580375188121,0.9603057715215267,0.9595147238290657,0.9599314197635965,0.14576366255528575,0.1325150458945868,0.11395138821418777,0.989736511154233,0.9872072640299757,0.9937086839094545,0.895805731967069,0.8893484918575849,0.8861887810990744,0.9574526222689601,0.9511504500470142,0.9591088229456112,0.9494767397584429,0.9057362027697964,0.17010105224682662,0.1753462245488669,0.18368987741079848,0.9927971146149785,0.9915161666830764,0.99011387982013,0.8850985658845116,0.9069208181603382,0.8809157488537387,0.9565874113286216,0.9618802953792226,0.9598097866506798,0.9531619515046836,0.9522550233534507,0.18730656563364645,0.1835441265773238,0.22740291584887795,0.9906215311827024,0.9910665313809667,0.9923033176508951
PowerSoil-LT-4-2,0.8678151889999082,0.9504945668227115,0.9535517573836716,0.9497586442963891,0.9385888800236617,0.9440582191342521,0.9396248957674281,0.15703467483901218,0.18685678189157484,0.9916614632668089,0.9881339133092024,0.9903001416762057,0.8925941154059039,0.8910521920095116,0.8893935956803638,0.955539873003991,0.9551658575799774,0.9550771452281933,0.9452188020540601,0.9494414587368837,0.9445207005237337,0.08388319070359143,0,0.10336238134603612,0.9955383808409795,0.9880297827341208,0.995122520298646,0.9107056472639107,0.956664413062895,0.959526161983257,0.9586188801680016,0.9529290332767385,0.9516619559652127,0.9523506184368101,0.15187329877867825,0.1394890595454471,0.11998244963631258,0.9890433817246532,0.98677714334667,0.9933981425736972,0.8902072287699606,0.8814558243971377,0.8808584637178006,0.954744581989278,0.9466978319014525,0.9556942726823802,0.9415428990782043,0.8963886015780542,0.17368515525900788,0.1831389717228787,0.18471118778048382,0.9914830694326925,0.9910695835378457,0.9890029879272517,0.8795782140706239,0.9022127156751515,0.8739128508511584,0.9520090893202394,0.9583576149511108,0.9552762123191224,0.9434818097568233,0.9437491036910423,0.19557805899203207,0.18964843793250602,0.230773027626965,0.9897580062298089,0.9897215395573956,0.9911186339125155
PowerSoil-LT-4-3,0.8703831045567136,0.952999466338369,0.9564494761223329,0.9524405641684011,0.9439300013725382,0.9476954072598317,0.9441808960773576,0.1798487439080694,0.21420547905438123,0.9919250459930031,0.9880299834953431,0.9905876617765882,0.8959255080976789,0.8912438022415077,0.89187033425737,0.9573937963398919,0.9575831155414036,0.957451656401564,0.9498859605082034,0.954093352415047,0.9495886644464986,0.10732406403055308,0.10336238134603612,0,0.9959657291606596,0.9887783414655867,0.9960080600915197,0.9118630018363536,0.9609551927340849,0.9620393521006562,0.962827208501157,0.95821053060819,0.9559477329490844,0.9567648595845876,0.17291536470694172,0.15939176270750866,0.1297829424448946,0.9894569623090195,0.9867613653883709,0.9931886684873528,0.8903348747141215,0.8821873515684217,0.8795938690486765,0.9561240672699536,0.948728104483672,0.958317726351412,0.9456057076242946,0.900195336570309,0.18965738579354924,0.1958539078562784,0.20325413676473106,0.9926361786823774,0.9916481507710035,0.9903488828496845,0.8802312494888564,0.901362341922754,0.8770487959314034,0.9543092067471486,0.9613590565596013,0.9575601327849917,0.9483756586595644,0.9482602565482667,0.2074744370202217,0.21525857001687212,0.2533241279160064,0.9903043221103529,0.9904292895006712,0.9921619094415517
PowerSoil-LT-5-1,0.9956830656201012,0.9979978425480899,0.9979967420877304,0.9980273364636292,0.9980571497468684,0.9980045380460836,0.9981073582005872,0.9970537927290581,0.9959678850401559,0.21594412169868954,0.17466057383532316,0.2097015617402481,0.9961104488332224,0.9964252678432648,0.9963121830693132,0.998393281201152,0.9981878969534528,0.9980697481691085,0.998373672557164,0.9983524204626543,0.9983981776622698,0.9959795253910141,0.9955383808409795,0.9959657291606596,0,0.2400002815838468,0.21359737577388774,0.9973187806045535,0.997594925627668,0.9986546931297288,0.9986568828738953,0.9985029130876988,0.9984604557360288,0.9984052840380504,0.9971619436103661,0.9969035820536212,0.9961542685852706,0.3864635432199676,0.33362967707009905,0.3395506999503444,0.9974515199057506,0.9957895398712695,0.9965102221055177,0.998902147984394,0.9981771507281528,0.9982698209336155,0.9977734811241438,0.9975751190950769,0.9965741641097055,0.9971282071715849,0.996172337885279,0.30278938532695365,0.34619842547032836,0.31144960695629353,0.9957505273656929,0.9973010859359582,0.9958800905455278,0.9983862982997577,0.9985173616295971,0.9984955783794314,0.9981555131696308,0.9978882755577931,0.9972938411303324,0.9970773148988412,0.9964528452706963,0.26732038985682627,0.27479187006882544,0.2743700980202248
PowerSoil-LT-5-2,0.9895792603478752,0.9964035753809319,0.9968140510150336,0.9965108430150778,0.9970257550414524,0.9969751387517202,0.9967014327828247,0.9909855426660069,0.9897687915239741,0.1687169468812936,0.18154498142359446,0.15716603823574612,0.9900411871112299,0.991416705523556,0.9904734878437461,0.9971457691294698,0.9962225358914545,0.9965346052557161,0.9969614143122202,0.9972754970542078,0.9963969146293633,0.9890973111823799,0.9880297827341208,0.9887783414655867,0.2400002815838468,0,0.10813661991724964,0.9929155719466753,0.9959644249837286,0.9977822836012363,0.9968379686261718,0.9972191461727294,0.9974112892356233,0.9970775276236685,0.9900733606937728,0.9900717836311675,0.989215402040696,0.2868788707440407,0.2184567354745098,0.21657098486100032,0.9918533296041083,0.9899186308189797,0.9912179336051541,0.9968590829039141,0.9963708953231734,0.9967160796448534,0.9961912692249779,0.9916468573445562,0.9902203661176469,0.9907153301249516,0.9896627301012979,0.2301200618963096,0.2601994485422761,0.28445784065951,0.9901996639599515,0.9927812042397378,0.9906969611247824,0.9971254732180237,0.9969995645105967,0.9970395678157558,0.997023698657309,0.9968237365927382,0.9908751107052534,0.9908278874601205,0.9905999415637003,0.22420553103559282,0.24562902969668352,0.21940042733229836
PowerSoil-LT-5-3,0.9941801306512389,0.9983258841228566,0.9983206716102387,0.9982696046486222,0.9986792723202701,0.998392029261165,0.9982732456139187,0.9972411161650778,0.996003123002274,0.14424901280663943,0.15448819906527445,0.1282217586613721,0.9943906494636191,0.9959325746575753,0.9953281707303331,0.9986726765883001,0.9983699487503606,0.9987167849325457,0.998566396454412,0.9986340338554837,0.9985821955438368,0.9962581473390297,0.995122520298646,0.9960080600915197,0.21359737577388774,0.10813661991724964,0,0.9969924433511123,0.9978840255808333,0.999021445721316,0.9988953032018351,0.9987193140671671,0.9985337856463882,0.9985947558228195,0.9971516785577664,0.9969844885931551,0.9961650288764496,0.2853033575256733,0.21455007242235208,0.2219713169678334,0.9971797047228719,0.9944003932048738,0.9952587683007502,0.9991860413400124,0.9984477480976718,0.9985625999856482,0.9980686573453007,0.9975315816633646,0.9961576336540089,0.9973231899094456,0.9956792101747558,0.20771373352561273,0.24553805966688952,0.25823786219753736,0.993782680333799,0.9968103149102494,0.9949316582756017,0.9986741906603256,0.9988256375775096,0.9985784039949641,0.998515166770248,0.998358544124314,0.9974193320347198,0.997158099506576,0.9965958066202008,0.19334717953033,0.2108289259080792,0.18090193877046995
ZymoMagbead-HT-1-2,0.4154654646618289,0.7518184705641723,0.7436180962930069,0.7340799512782797,0.7327064629682456,0.7253393254627208,0.7156174118754411,0.9173699113467171,0.9201134237066572,0.9950598169197232,0.9958721151943943,0.9962711988049441,0.3085553983699247,0.3162327503172183,0.3046984691161277,0.7444612490980074,0.7370520265304673,0.7405051261871755,0.752683269127115,0.7679989317825702,0.7432886067196542,0.9121862040370768,0.9107056472639107,0.9118630018363536,0.9973187806045535,0.9929155719466753,0.9969924433511123,0,0.749440944000929,0.7498374368305785,0.7442518615239753,0.760673447828571,0.7590707504370486,0.7656578137837368,0.9161999014967404,0.9215225833007635,0.9127743525888905,0.9967050737912975,0.9954389712709334,0.9971895823801576,0.41866802119914237,0.40313290386059997,0.41718389982619813,0.7663600293735204,0.7532278301280311,0.7720779520978911,0.7392301876598535,0.7098525236761313,0.9131420358359391,0.9081719806980639,0.9101476736627927,0.9983429600141827,0.9944822984955243,0.9926246773509025,0.3866258863343977,0.40551732490275505,0.4061404436474871,0.7736050058112236,0.7768303712871546,0.7814508158429243,0.769391553525725,0.7581848761294977,0.9160148830669272,0.9223763110023819,0.9289753347179946,0.9957975583907668,0.9941798705285587,0.9958665231610376
ZymoMagbead-HT-2-1,0.7654739376923851,0.36936250068943094,0.3693289567701009,0.3684907918726481,0.4658045749413744,0.4290132080722333,0.4176071963695748,0.9619265003115628,0.9587864904616292,0.9963392019088222,0.9939815031791409,0.9960805241817376,0.7307180831207623,0.7361027348814227,0.7428874635942264,0.3013422424475493,0.26121366696393333,0.3029990553815623,0.41608586318251983,0.3918711461334471,0.39506793606367774,0.9618406911448094,0.956664413062895,0.9609551927340849,0.997594925627668,0.9959644249837286,0.9978840255808333,0.749440944000929,0,0.19872909482159778,0.2077735852122029,0.37121135339559946,0.37131677705576255,0.4004325718680385,0.9630890693201275,0.9654586424228895,0.9595650246715461,0.9941666663556071,0.9942575489304686,0.9962368506402611,0.733566782028752,0.7452112054233276,0.7351655704866988,0.4218731439369171,0.45107933298954256,0.3783873189345006,0.4672173956518565,0.48884702000476393,0.957906436373623,0.9511221806270747,0.9558133495426926,0.9975392292043463,0.9963188355009038,0.9957036886739439,0.7327505080277213,0.7195024347533722,0.7307695355554756,0.4408873944142643,0.466603543350481,0.44436948372869534,0.5231094068456615,0.49453008090323997,0.9540732829681394,0.9590267793847967,0.9622765680056008,0.9958498432814356,0.9949051801230727,0.9960804849886219
ZymoMagbead-HT-2-2,0.7829176539249095,0.34987637433466184,0.35320023348254864,0.34484320004944663,0.4342437944404966,0.4214605567915657,0.40006944500917857,0.9628884412145363,0.9604579718485111,0.9975610760508261,0.9945096100799701,0.9980719594772347,0.7335778743810969,0.7436713634427079,0.74618106542097,0.2740028568669096,0.23538377662060786,0.2640314553611772,0.3900929349391372,0.34030111011735553,0.3567097118266754,0.9627676171026999,0.959526161983257,0.9620393521006562,0.9986546931297288,0.9977822836012363,0.999021445721316,0.7498374368305785,0.19872909482159778,0,0.20261555188214705,0.3267827439209905,0.3368426765326327,0.35137704463681657,0.9652310315405199,0.9669439859351961,0.9609779717775007,0.995004316936767,0.9945559047368221,0.9969922153140731,0.7471933229904772,0.7588435814010897,0.7484375161892175,0.3983103955260607,0.44183606492789407,0.36740668394979464,0.45009440688601965,0.4818968156627699,0.9592681444976897,0.9520848572959891,0.9571146664915052,0.9989768564585487,0.9988236263085047,0.9970188850288908,0.7481171365555873,0.7301765397240704,0.7456164380680316,0.42037115552437015,0.45749696642851373,0.4354312854020712,0.5019115050803811,0.4747958400827134,0.9552437286369506,0.9584407657668937,0.9628585839109293,0.9974232265584052,0.9960518664497084,0.9979585601835159
ZymoMagbead-HT-2-3,0.7608588941716059,0.35260160283152814,0.3492774899636897,0.3554866516670473,0.44506172718790826,0.399676745474529,0.38939523952151006,0.9649029800228238,0.9604159449983711,0.9968785408574996,0.9945846157059285,0.9972151171499423,0.7250771156625594,0.7261456598017113,0.7311524410876323,0.2810586436462796,0.24113418390179292,0.29348777753732525,0.3994975688739294,0.3884815813818505,0.3801712473222104,0.9639580375188121,0.9586188801680016,0.962827208501157,0.9986568828738953,0.9968379686261718,0.9988953032018351,0.7442518615239753,0.2077735852122029,0.20261555188214705,0,0.3765692878993298,0.37766394776369483,0.3840880131404243,0.9650264265128298,0.9673211451601591,0.9617423301695626,0.9955467050272613,0.9948205113337295,0.996469792296618,0.7345709320493965,0.7413517023035308,0.7340721584335785,0.4106316817923094,0.442804840052994,0.378593263713359,0.44731198942719047,0.4651421898174232,0.9594295403987946,0.9535035735431141,0.9581489488437763,0.9984583082442213,0.9983138338981105,0.9968054306796831,0.7312472075630055,0.7155387064252708,0.7279366335207368,0.43301520404659927,0.4575881048437025,0.4338376842585551,0.49877081154669584,0.4743829199917011,0.9558920927285691,0.9601164398554605,0.9626250454451205,0.9972442800426227,0.9953620514840567,0.9972990742765862
ZymoMagbead-HT-3-1,0.7701657081984293,0.47137062909496763,0.4816732007139617,0.45500493418455357,0.3087037692028177,0.279483143638975,0.27309283092307757,0.960459863736318,0.9558222012558227,0.9978017685082088,0.9938327805669459,0.9975745085382757,0.7401190756726953,0.7429174637882505,0.7415347831161916,0.38938320017718747,0.36655466560708766,0.3995719029459654,0.2295909248525529,0.1776791713191336,0.19434582194828415,0.9603057715215267,0.9529290332767385,0.95821053060819,0.9985029130876988,0.9972191461727294,0.9987193140671671,0.760673447828571,0.37121135339559946,0.3267827439209905,0.3765692878993298,0,0.12025909671387952,0.14967742938735223,0.9566056801855894,0.9572451506688016,0.9537919155907495,0.9947751329038443,0.9937642109582697,0.9969387761170907,0.758983466258177,0.7610677483187335,0.7554176440285579,0.4821749215723953,0.5127654919450887,0.4843659720614231,0.34556746423122164,0.3730489509115282,0.9572441291302999,0.9501476859460363,0.9522919196307168,0.9987207388059591,0.9979808306049307,0.996691650247915,0.7562673847181037,0.7419429422591165,0.7492069850257456,0.516357261089947,0.5452412729310963,0.5255525789387449,0.36003919267122136,0.3715520092370685,0.9524261226271882,0.9540705701400427,0.9582847845239039,0.9967917570580589,0.9954989157681385,0.9971805303823283
ZymoMagbead-HT-3-2,0.7678425304183427,0.47435927840360625,0.48549932327363116,0.4613825273682132,0.30134711714513623,0.280699023869487,0.265025216706816,0.9592919758008767,0.9543110052301711,0.9970212769292031,0.9934873734156082,0.9970820193366536,0.735559239894758,0.7349919244904732,0.7365942256519598,0.39803434578565294,0.3777459599878413,0.41031587713742007,0.2316756435274141,0.19702360916451145,0.21209484890724034,0.9595147238290657,0.9516619559652127,0.9559477329490844,0.9984604557360288,0.9974112892356233,0.9985337856463882,0.7590707504370486,0.37131677705576255,0.3368426765326327,0.37766394776369483,0.12025909671387952,0,0.16846835613292868,0.9565964783921138,0.9567769195374755,0.9524126200483742,0.9945230858608297,0.99352266016829,0.996388790672585,0.7540015025621258,0.7576129577355462,0.7494928689247414,0.4880000307263333,0.5178001566823153,0.4876037369778637,0.3403717812797928,0.3720072567965901,0.9562032655662069,0.9480706429703799,0.9513488722958956,0.9984478734333779,0.9978257948309202,0.9965447656451449,0.7497831982108317,0.7348707218972005,0.7451438065016316,0.5247986140685863,0.5523077385924219,0.5312805212920504,0.3531876052508448,0.3627946059057345,0.9505893971925197,0.9540240362732159,0.9578584691703796,0.9967693076037868,0.9954758313200498,0.9970837055624991
ZymoMagbead-HT-3-3,0.76382860708288,0.44241565272023187,0.4526879578148057,0.4251716281469049,0.27689425638290877,0.25083466956312045,0.2523923181205778,0.9596157639075901,0.9547662202880909,0.9970923108728621,0.9940397106232577,0.9975500499656751,0.7366261789224379,0.7406373871412456,0.7443044737616916,0.36564654549264597,0.34396483849776704,0.369090593741796,0.1851224979842837,0.14821776113206117,0.16796155125967774,0.9599314197635965,0.9523506184368101,0.9567648595845876,0.9984052840380504,0.9970775276236685,0.9985947558228195,0.7656578137837368,0.4004325718680385,0.35137704463681657,0.3840880131404243,0.14967742938735223,0.16846835613292868,0,0.9568793214435526,0.9562951085422021,0.953427239167352,0.9945103371645602,0.9935374893874421,0.9967537272021544,0.7522979199099956,0.7505499812043099,0.7365799946269409,0.4605423568603138,0.48705523931594585,0.45938432222576364,0.30906601065747746,0.3458360896525672,0.9556378727433857,0.9487889609860336,0.9526213738989582,0.9987502954629981,0.998176133253192,0.9966470990247673,0.7442310911867795,0.7239650660505873,0.728733524372853,0.4856841942164387,0.5181981332549331,0.49994814601106796,0.323342397457489,0.3286179847395033,0.9501168671738663,0.954216865338054,0.9564302322272216,0.9968472470564032,0.9954240999129316,0.9976757940000984
ZymoMagbead-HT-4-1,0.8909516137794785,0.9581593910801777,0.9613008962598428,0.9573922597657197,0.9459073489691289,0.9497020014191001,0.9462758635364591,0.19676402696715561,0.20530443486268432,0.9935449936703666,0.9894642483364652,0.9918775835334808,0.9070817038453511,0.903358972417534,0.9023567915181868,0.9628086514934494,0.9629794566314378,0.9628385422842939,0.9519497679643836,0.9561073718241587,0.9503994328363078,0.14576366255528575,0.15187329877867825,0.17291536470694172,0.9971619436103661,0.9900733606937728,0.9971516785577664,0.9161999014967404,0.9630890693201275,0.9652310315405199,0.9650264265128298,0.9566056801855894,0.9565964783921138,0.9568793214435526,0,0.09997762485996521,0.10753021085750909,0.9903485055843784,0.9882126798990759,0.9941541266808807,0.9098731836095345,0.9029105920259779,0.9017031308739828,0.9615427350218083,0.953978311170179,0.9634240587238051,0.947738182764686,0.9041835222078711,0.2309671301709223,0.23996276809662023,0.25200794294495005,0.9938646875398365,0.9927075566714666,0.9916583425320904,0.8948483768619591,0.9171357004914211,0.898784377654625,0.9590314115733516,0.9653725480326395,0.9628256264626991,0.9498613849476489,0.9499748830046552,0.23208334256676086,0.19069907288297863,0.23463894953421097,0.9917334314117969,0.9918807823588365,0.993557869604348
ZymoMagbead-HT-4-2,0.8947677408680765,0.9617880632984515,0.9636794695946728,0.9607391925008253,0.9476325443116395,0.9504556545696418,0.9472107022840884,0.18780071057305633,0.19997287105691006,0.9931939708304123,0.9895664115625223,0.992170397667194,0.9104560380300548,0.9080421971920037,0.9098688195674511,0.9651251454615201,0.9649410998700714,0.9647062341994677,0.9515377954368999,0.9572794591001772,0.9511288725874248,0.1325150458945868,0.1394890595454471,0.15939176270750866,0.9969035820536212,0.9900717836311675,0.9969844885931551,0.9215225833007635,0.9654586424228895,0.9669439859351961,0.9673211451601591,0.9572451506688016,0.9567769195374755,0.9562951085422021,0.09997762485996521,0,0.10926195526992004,0.9908870048180421,0.9885799115583173,0.9943488712808383,0.9126869286438313,0.9047599944687383,0.9030844118717962,0.9622050997447611,0.9557123585407046,0.9653107382980669,0.9493650868901482,0.9051947744412489,0.2211976564818045,0.2264633633927597,0.23538150375198705,0.9933773138669321,0.9928460251086153,0.99153895644605194,0.9001252359101939,0.9224070017227892,0.9029570349812037,0.962683263591492,0.9668990877499332,0.9640601130629906,0.951895116308447,0.9502985094707342,0.22580569478727142,0.1899735795830967,0.23106834215774608,0.9914151375049585,0.9914587812008798,0.9932458588596863
ZymoMagbead-HT-4-3,0.8837443288063427,0.9531137580875989,0.9558681917511418,0.9524139700961538,0.942371380862211,0.9449678346917039,0.9417943004566952,0.17574041219003436,0.1995960606367855,0.9928889423907096,0.988613347558999,0.9911175083787468,0.9012142616558196,0.8989502518482749,0.896723631118649,0.9571747668330735,0.9575137331204064,0.9570615386553879,0.9470106379245748,0.9524308738540697,0.9463419420545806,0.11395138821418777,0.11998244963631258,0.1297829424448946,0.9961542685852706,0.989215402040696,0.9961650288764496,0.9127743525888905,0.9595650246715461,0.9609779717775007,0.9617423301695626,0.9537919155907495,0.9524126200483742,0.953427239167352,0.10753021085750909,0.10926195526992004,0,0.9896494455757509,0.9880794165561333,0.9936079232976496,0.9031187710999635,0.8936268534941104,0.8896301142771115,0.9561491017249736,0.948949337178064,0.9582576580222598,0.943428599762528,0.8997697003523449,0.20341715511492106,0.2096054241626373,0.21930116501461755,0.9928702383810106,0.9921191811501666,0.9910754665368127,0.8897272329238964,0.9128969552441305,0.8915832092016195,0.9549923438264623,0.9606731808316232,0.9575979322045368,0.9466980663718197,0.9449676529701286,0.19761259169684484,0.17899366963146687,0.2221391326249859,0.9907588409421588,0.9910927964717897,0.9926662793461738
ZymoMagbead-HT-5-1,0.9954995811394856,0.9961645066575313,0.9964570945126036,0.9952647250125198,0.9932552291237958,0.9935069941326495,0.9928697205620021,0.9910155165819982,0.990500457078132,0.3326554405687998,0.3298452603132817,0.3209008167952428,0.9961161583700324,0.9962795990504685,0.9965243817534936,0.9959104390771785,0.9955804538839115,0.99678513221988585,0.9936569306010938,0.9939876493911953,0.9941473704203545,0.989736511154233,0.9890433817246532,0.9894569623090195,0.3864635432199676,0.2868788707440407,0.2853033575256733,0.9967050737912975,0.9941666663556071,0.995004316936767,0.9955467050272613,0.9947751329038443,0.9945230858608297,0.9945103371645602,0.9903485055843784,0.9908870048180421,0.9896494455757509,0,0.16203963050379572,0.15018743355803835,0.9967317509553874,0.9954680137815013,0.9955840434193372,0.99708198895877,0.9942212121982865,0.9964029348249683,0.9932288657424694,0.9920371793177735,0.9914807390902115,0.9912720636420272,0.9903494547055149,0.36649282285482804,0.3851482939661505,0.38346422610654224,0.9954425528407718,0.9967998781385826,0.9958831194700847,0.9951334606349654,0.9968085704320596,0.9956802005967469,0.9932855211421,0.9936681450125686,0.9914885018945471,0.9914559799735795,0.9919509215573328,0.36392534779479646,0.3465807736771897,0.3354680589317149
ZymoMagbead-HT-5-2,0.9934881503396529,0.995067935058687,0.9956403271645857,0.9948266113325659,0.9923128665609776,0.9923997979748967,0.9921640098598591,0.9889660057861227,0.9887527772077185,0.2635776749420103,0.27103423410566924,0.2618244029641223,0.9938956490911454,0.9942948244783836,0.9948620589506058,0.9954274646177478,0.995090389146541,0.9964075493679525,0.9929947398553505,0.9932416551558074,0.9926197836727516,0.9872072640299757,0.98677714334667,0.9867613653883709,0.33362967707009905,0.2184567354745098,0.21455007242235208,0.9954389712709334,0.9942575489304686,0.9945559047368221,0.9948205113337295,0.9937642109582697,0.99352266016829,0.9935374893874421,0.9882126798990759,0.9885799115583173,0.9880794165561333,0.16203963050379572,0,0.10920668896340244,0.9950025086817236,0.9939004630003792,0.9942578250783581,0.9967707991084942,0.9929893768259411,0.9956764237577976,0.9917812273085015,0.9902244179605362,0.9897126629331232,0.9890399801204259,0.9886120728846322,0.3259860324798618,0.36634734988611234,0.37419152440724934,0.9940149131590172,0.9960528808640273,0.9941095279725974,0.9940194805148591,0.9960954676761609,0.9946042681897123,0.9924357465513033,0.992823644360752,0.9894780037531881,0.9893598634974079,0.9897539885901117,0.33516911451952774,0.33141553799828044,0.3114239487613239
ZymoMagbead-HT-5-3,0.9961394254486642,0.9965847770888604,0.996574110733008,0.9964038760720032,0.9962055882789084,0.9962253174901652,0.9955654735379296,0.99444381117264,0.9943753103896422,0.2713395238755097,0.2852213114888231,0.26906066199860457,0.9959907168254432,0.9960613378104461,0.9966549449821294,0.9965287316611183,0.9966040587197025,0.997257196149858,0.9961695530914437,0.9964291234218916,0.9961648938082398,0.9937086839094545,0.9933981425736972,0.9931886684873528,0.3395506999503444,0.21657098486100032,0.2219713169678334,0.9971895823801576,0.9962368506402611,0.9969922153140731,0.996469792296618,0.9969387761170907,0.996388790672585,0.9967537272021544,0.9941541266808807,0.9943488712808383,0.9936079232976496,0.15018743355803835,0.10920668896340244,0,0.9968001955153482,0.9960643558345874,0.9966559245205103,0.9984320819912118,0.9962387962893664,0.9968040347247588,0.9957463180729501,0.9949210293413762,0.9944879208325805,0.9945745813864564,0.9942885214087835,0.3254600731821197,0.367658189207178,0.3753139875986476,0.995634231058518,0.9968802811344643,0.9962659557982892,0.9968786581128084,0.9972568085325202,0.9967308885186692,0.9959567649446609,0.9960599537781856,0.9947944735330496,0.994701994981879,0.9945765861483477,0.3338032821135051,0.33270145643740195,0.31027363621349746
PowerSoil-Pro-HT-1-1,0.2349052776905207,0.6710107819256801,0.6581403568915096,0.6513442641562437,0.6572876657662111,0.6514965112076864,0.6600857873642768,0.8983539446131005,0.8985766804991558,0.994817086267029,0.9951436030865632,0.99557806362068,0.29417171450697166,0.2749514770135912,0.301185570394628,0.6766922158512728,0.6759181374756252,0.6694091605923399,0.7000062668298817,0.7270455878307981,0.6931169613110587,0.895805731967069,0.8902072287699606,0.8903348747141215,0.9974515199057506,0.9918533296041083,0.9971797047228719,0.41866802119914237,0.733566782028752,0.7471933229904772,0.7345709320493965,0.758983466258177,0.7540015025621258,0.7522979199099956,0.9098731836095345,0.9126869286438313,0.9031187710999635,0.9967317509553874,0.9950025086817236,0.9968001955153482,0,0.17992182485974945,0.21791739979815586,0.6819719235777907,0.6580551071238742,0.6907898730962402,0.6527489296969287,0.6229343043464403,0.8939410761270573,0.8807824935085156,0.8886859619906095,0.9953174329919954,0.993911359921622,0.9918450547103838,0.23923065330152246,0.26553392579657487,0.18741845579338837,0.6915031443799164,0.6923060636573922,0.6950597884891848,0.6798984304084998,0.6646299023254809,0.9006123653377452,0.9087997905428309,0.9127345236884198,0.9948836458024463,0.9936727548205595,0.9954474757895236
PowerSoil-Pro-HT-1-2,0.2192733192474021,0.6833488533160671,0.6800704981913153,0.6700376446856949,0.6670339660898551,0.6594850273378906,0.6639124660264578,0.8910739788749432,0.89320132261943,0.9923436095880632,0.9936711470672009,0.9925885081617684,0.2636445287213203,0.25177590351725887,0.2839846568454675,0.6972016838952475,0.6914354861422202,0.6879891207244715,0.7007836455331854,0.7232317564745794,0.6977684612040084,0.8893484918575849,0.8814558243971377,0.8821873515684217,0.9957895398712695,0.9899186308189797,0.9944003932048738,0.40313290386059997,0.7452112054233276,0.7588435814010897,0.7413517023035308,0.7610677483187335,0.7576129577355462,0.7505499812043099,0.9029105920259779,0.9047599944687383,0.8936268534941104,0.9954680137815013,0.9939004630003792,0.9960643558345874,0.17992182485974945,0,0.18292952376131738,0.7024837421977671,0.681563025684807,0.7128218290956911,0.66260463610856,0.6334666457582477,0.8851422910446747,0.87502673726813,0.8818043334686105,0.9924219132469653,0.9899713366573535,0.9889491273195837,0.24540436545283553,0.25033611930787586,0.18873596108929908,0.7116343984419996,0.717217178226253,0.7148496332912261,0.6887182117115742,0.675212063732407,0.8915600651387585,0.9006615178770816,0.9035487721118377,0.9915944679828607,0.9908261323386484,0.9919735206590424
PowerSoil-Pro-HT-1-3,0.2508154479641712,0.6645352062373864,0.6630559101161311,0.6523705546412809,0.6418167413366987,0.6352184989229717,0.6499647691682838,0.8891089823172784,0.8906297111813348,0.9924224145972882,0.9942994793667548,0.993615802883984,0.2593642274427591,0.2594268348585994,0.28815029297476247,0.6775867838125967,0.6771089735117708,0.6727905413273518,0.686358929839201,0.7134416559756382,0.6824882715372462,0.8861887810990744,0.8808584637178006,0.8795938690486765,0.9965102221055177,0.9912179336051541,0.9952587683007502,0.41718389982619813,0.7351655704866988,0.7484375161892175,0.7340721584335785,0.7554176440285579,0.7494928689247414,0.7365799946269409,0.9017031308739828,0.9030844118717962,0.8896301142771115,0.9955840434193372,0.9942578250783581,0.9966559245205103,0.21791739979815586,0.18292952376131738,0,0.6847871085780344,0.6647027816237885,0.6973375428005079,0.6437345407829838,0.6171031159897777,0.8825699665653645,0.8730066184468565,0.8781452438584988,0.9938143430688078,0.9916319145910251,0.9895787977583943,0.21718735982336332,0.245295434070317,0.2003053648955305,0.6935789256892138,0.701167185093139,0.6993806662904012,0.665602374433291,0.6502830484948957,0.8885107452963221,0.8986917423592976,0.9031651639091979,0.9926914713274216,0.9917929088590337,0.9932849250206075
PowerSoil-Pro-HT-2-1,0.7440362839898512,0.180185278996851,0.18539057997378505,0.20056229155598074,0.39617627529385513,0.376407172018466,0.3896917139822922,0.9582905912214603,0.9537556785030863,0.9974566411896438,0.996603502307938,0.9977019958594775,0.7255479792554149,0.7295158938804673,0.7363445943807542,0.24810434107000226,0.2937152552069533,0.25362591100366483,0.40597062605149054,0.43129148635916337,0.4151282335366849,0.9574526222689601,0.954744581989278,0.9561240672699536,0.998902147984394,0.9968590829039141,0.9991860413400124,0.7663600293735204,0.4218731439369171,0.3983103955260607,0.4106316817923094,0.4821749215723953,0.4880000307263333,0.4605423568603138,0.9615427350218083,0.9622050997447611,0.9561491017249736,0.99708198895877,0.9967707991084942,0.9984320819912118,0.6819719235777907,0.7024837421977671,0.6847871085780344,0,0.1716711803160438,0.15709912655108715,0.3359949974506752,0.3885850367728037,0.9528009935541822,0.9440524465959281,0.950078970541143,0.9980172313720009,0.997203179801651,0.9953566647868746,0.6829846951535704,0.6724071362804444,0.6718619195446642,0.19388706459377406,0.19060007316497393,0.17969016464845117,0.35648419260428993,0.35130610215149194,0.9495158453925495,0.9543485427208414,0.9563486243368251,0.9967812702414598,0.9958354184344705,0.99710143102796
PowerSoil-Pro-HT-2-2,0.7295490481883579,0.16001883115281743,0.15570841733217206,0.16690001651454628,0.3715321803645914,0.36356453821780843,0.37568772907719095,0.9521630704664825,0.9489371867409694,0.9958566002802962,0.9929166658604136,0.9958097626404632,0.7068781992786234,0.7122224494105114,0.7204412898391981,0.2583957969461427,0.31363218814066746,0.2669433958389844,0.41608512171294443,0.45644730052074667,0.4300870680809366,0.9511504500470142,0.9466978319014525,0.948728104483672,0.9981771507281528,0.9963708953231734,0.9984477480976718,0.7532278301280311,0.45107933298954256,0.44183606492789407,0.442804840052994,0.5127654919450887,0.5178001566823153,0.48705523931594585,0.953978311170179,0.9557123585407046,0.948949337178064,0.9942212121982865,0.9929893768259411,0.9962387962893664,0.6580551071238742,0.681563025684807,0.6647027816237885,0.1716711803160438,0,0.1443574564664471,0.318188725510402,0.3643715278604637,0.9474141962074406,0.9375839133036444,0.9434898747883599,0.9976704343888964,0.9971951334618637,0.9946302729576202,0.670127706878837,0.6434282862323305,0.6559202181078967,0.17966431546255615,0.16009207255295124,0.16370266376576623,0.32627083932128365,0.3244597570258071,0.9429721471521175,0.9480110422502739,0.9504227492098924,0.9957653535257209,0.9950738921565867,0.9960772027938615
PowerSoil-Pro-HT-2-3,0.7542415020702958,0.15078214492615521,0.1524579154146747,0.17004837863016412,0.41062058514567873,0.3938370162467991,0.4020662045814046,0.9598757414400668,0.9564584024883082,0.9964679049706694,0.9958697053871277,0.9962196687003438,0.7319738962221298,0.738407724112772,0.7446363363137178,0.21158859444125777,0.2559080755363622,0.2162364527297908,0.40910559250773776,0.4384930125387534,0.41643286426670106,0.9591088229456112,0.9556942726823802,0.958317726351412,0.9982698209336155,0.9967160796448534,0.9985625999856482,0.7720779520978911,0.3783873189345006,0.36740668394979464,0.378593263713359,0.4843659720614231,0.4876037369778637,0.45938432222576364,0.9634240587238051,0.9653107382980669,0.9582576580222598,0.9964029348249683,0.9956764237577976,0.9968040347247588,0.6907898730962402,0.7128218290956911,0.6973375428005079,0.15709912655108715,0.1443574564664471,0,0.3459278771717005,0.40343815481216727,0.9546365348234737,0.9454378216229343,0.9524353953676272,0.9974320997450243,0.9972226624117158,0.9948827722945534,0.7028009409458436,0.6796214002311902,0.689981992142462,0.1696447322614023,0.15342051729149783,0.1386824122363651,0.3676776391704174,0.3569496451725449,0.9524604495049367,0.9571335386719588,0.9591114940780348,0.9962581500520541,0.9950400528807402,0.9963971364710363
PowerSoil-Pro-HT-3-2,0.710264895466702,0.3184729198475848,0.31497349249314993,0.30422694887910917,0.19660784683099983,0.1688090280251621,0.19812579845429945,0.9497751829052395,0.9446426853733991,0.995062095973476,0.991729647022231,0.9952814882855104,0.6930488309143112,0.6971305363174481,0.7052767457645049,0.31138091841704607,0.33408618650886795,0.3233141234434447,0.21818173711395258,0.2788955548103047,0.24562732249154112,0.9494767397584429,0.9415428990782043,0.9456057076242946,0.9977734811241438,0.9961912692249779,0.9980686573453007,0.7392301876598535,0.4672173956518565,0.45009440688601965,0.44731198942719047,0.34556746423122164,0.3403717812797928,0.30906601065747746,0.947738182764686,0.9493650868901482,0.943428599762528,0.9932288657424694,0.9917812273085015,0.9957463180729501,0.6527489296969287,0.66260463610856,0.6437345407829838,0.3359949974506752,0.318188725510402,0.3459278771717005,0,0.1629700838331967,0.9456884981079007,0.9352380409172485,0.9404252546025981,0.9968464337379501,0.9963719617334202,0.9937334268111223,0.656080382936523,0.6205586782020913,0.6397739429824243,0.3470016907062711,0.3670080746136499,0.36645644156179513,0.1550210999470741,0.14925961677414537,0.9403488058966313,0.9449463646759836,0.9472809856838879,0.9954298482644538,0.9945496123409296,0.9956506768761328
PowerSoil-Pro-HT-3-3,0.6819069161571539,0.35570663930910973,0.3503217972776342,0.3391911413150208,0.210881792077577,0.1837417625218652,0.20868808414981932,0.9109902551875529,0.9070371780761014,0.9943989229743891,0.99054225700799,0.9942515726643044,0.6621997435106095,0.6645912897296498,0.6760470964928229,0.35117886629601663,0.3591964465282138,0.3565659959578006,0.2512570706946214,0.30984584543090965,0.27466832451757656,0.9057362027697964,0.8963886015780542,0.900195336570309,0.9975751190950769,0.9916468573445562,0.9975315816633646,0.7098525236761313,0.48884702000476393,0.4818968156627699,0.4651421898174232,0.3730489509115282,0.3720072567965901,0.3458360896525672,0.9041835222078711,0.9051947744412489,0.8997697003523449,0.9920371793177735,0.9902244179605362,0.9949210293413762,0.6229343043464403,0.6334666457582477,0.6171031159897777,0.3885850367728037,0.3643715278604637,0.40343815481216727,0.1629700838331967,0,0.906148844350154,0.8955640869498497,0.9009167361912305,0.994433380490816,0.993864269645236,0.9928770446404466,0.6311471318678329,0.5960064966287261,0.6115495753891429,0.4021386475036515,0.4111096361949188,0.4212830393588942,0.20762806592260752,0.203455030855274,0.9012388460614431,0.9068599263444502,0.9102587987548009,0.9946578224889996,0.9934807525126736,0.9942057263340516
PowerSoil-Pro-HT-4-1,0.8759289024883246,0.9503576217259244,0.952679880558164,0.9498748511694167,0.9435001683149186,0.9477703123696386,0.9450306010197456,0.09827569760562668,0.11969561491904493,0.9933275037825453,0.9905129006997949,0.9919592817232278,0.8974725949892479,0.896667377196995,0.896966684810224,0.9552887354380705,0.9545742195001067,0.9543986175656407,0.9493753924656088,0.9528036866135,0.9491065371336438,0.17010105224682662,0.17368515525900788,0.18965738579354924,0.9965741641097055,0.9902203661176469,0.9961576336540089,0.9131420358359391,0.957906436373623,0.9592681444976897,0.9594295403987946,0.9572441291302999,0.9562032655662069,0.9556378727433857,0.2309671301709223,0.2211976564818045,0.20341715511492106,0.9914807390902115,0.9897126629331232,0.9944879208325805,0.8939410761270573,0.8851422910446747,0.8825699665653645,0.9528009935541822,0.9474141962074406,0.9546365348234737,0.9456884981079007,0.906148844350154,0,0.09439793631453489,0.09863785735657175,0.993082408390483,0.9922693755936626,0.9911865120195209,0.8836366020497803,0.9028605851469599,0.880788859498301,0.9517526989157198,0.9575426486626506,0.9549475028278523,0.9472961196213989,0.9480652825657673,0.09836624030688422,0.11390825513662106,0.15105709590407415,0.9919636391044492,0.9916249211668177,0.9928228233260633
PowerSoil-Pro-HT-4-2,0.8681030182368371,0.9419680079931968,0.9429538433443911,0.9417614092513883,0.9343731558614476,0.9368366678751285,0.9359490439070842,0.09898044322578506,0.11231327728122786,0.9936194291330469,0.9905299843607743,0.9924215186130431,0.8907376748656894,0.8868363037666911,0.8881800236609685,0.9472381922571957,0.9460116488586442,0.9454085664477619,0.9391005100793083,0.9437797601772073,0.9391909567972663,0.1753462245488669,0.1831389717228787,0.1958539078562784,0.9971282071715849,0.9907153301249516,0.9973231899094456,0.9081719806980639,0.9511221806270747,0.9520848572959891,0.9535035735431141,0.9501476859460363,0.9480706429703799,0.9487889609860336,0.23996276809662023,0.2264633633927597,0.2096054241626373,0.9912720636420272,0.9890399801204259,0.9945745813864564,0.8807824935085156,0.87502673726813,0.8730066184468565,0.9440524465959281,0.9375839133036444,0.9454378216229343,0.9352380409172485,0.8955640869498497,0.09439793631453489,0,0.10615858390545463,0.9941074213793825,0.993162953229058,0.9917964233110411,0.8742248592383093,0.8902626304732546,0.8715739430272123,0.9432103898773898,0.9480816221801436,0.9455308518434857,0.9387031832816595,0.9378581467333513,0.09533598242849418,0.11087696594579215,0.14361642994242207,0.992905947490042,0.9924044095669126,0.9940869030586784
PowerSoil-Pro-HT-4-3,0.8702596100875025,0.9473219455060798,0.9504038948875614,0.9467842378239044,0.9395890055958088,0.9425880015682176,0.9394678813277637,0.11735863440467316,0.13822173868540316,0.9926657079188586,0.9895613867809493,0.9913951175426694,0.8918410222143432,0.8925334584845906,0.8901628826395571,0.9514090001271199,0.9516285487797672,0.9516206785390255,0.9444476330129,0.9484308328953996,0.9442582305621938,0.18368987741079848,0.18471118778048382,0.20325413676473106,0.996172337885279,0.9896627301012979,0.9956792101747558,0.9101476736627927,0.9558133495426926,0.9571146664915052,0.9581489488437763,0.9522919196307168,0.9513488722958956,0.9526213738989582,0.25200794294495005,0.23538150375198705,0.21930116501461755,0.9903494547055149,0.9886120728846322,0.9942885214087835,0.8886859619906095,0.8818043334686105,0.8781452438584988,0.950078970541143,0.9434898747883599,0.9524353953676272,0.9404252546025981,0.9009167361912305,0.09863785735657175,0.10615858390545463,0,0.9925636022843098,0.9915152167695144,0.9905605367047746,0.8780905219884971,0.8977070137988901,0.8750513152270141,0.9491058629793659,0.955085371729511,0.952662186141945,0.9435307167574521,0.9432084944776141,0.10984325128497557,0.1430690746912255,0.1619195514087535,0.9906502953900402,0.9908065667151257,0.9922763885227265
PowerSoil-Pro-HT-5-1,0.9933263610145036,0.997521446305164,0.9977691323442069,0.9982233738273909,0.9979293477199195,0.9974394321410006,0.9968146679681303,0.9941771787189791,0.9929530937432167,0.1997612841965736,0.21431075299421615,0.17546081857834497,0.9936833513213462,0.9953457615539427,0.9947075779148583,0.9982635560489265,0.9980671149258947,0.9980063125684121,0.9980605213176319,0.9976035551212603,0.9978017855240134,0.9927971146149785,0.9914830694326925,0.9926361786823774,0.30278938532695365,0.2301200618963096,0.20771373352561273,0.9983429600141827,0.9975392292043463,0.9989768564585487,0.9984583082442213,0.9987207388059591,0.9984478734333779,0.9987502954629981,0.9938646875398365,0.9933773138669321,0.9928702383810106,0.36649282285482804,0.3259860324798618,0.3254600731821197,0.9953174329919954,0.9924219132469653,0.9938143430688078,0.9980172313720009,0.9976704343888964,0.9974320997450243,0.9968464337379501,0.994433380490816,0.993082408390483,0.9941074213793825,0.9925636022843098,0,0.11903196060716817,0.15947879664128362,0.9932631079327401,0.9966343284735703,0.9944926428124999,0.9985648061115732,0.9979868056783568,0.9982378249833178,0.9976699781792824,0.9971420040293132,0.9941906158151219,0.9943834507691977,0.9936152448207503,0.13795235604813638,0.13397648942026472,0.12183933842292971
PowerSoil-Pro-HT-5-2,0.9894293786843501,0.9966664755782382,0.9971300052644607,0.9971077639839668,0.9971649877524171,0.9965002369515353,0.9959806444693381,0.9931161911016892,0.9920768974632813,0.2365276479200092,0.24779946959104499,0.20083202522807256,0.9914478861997623,0.9927970345220081,0.9923611305291974,0.997778291605146,0.9973697864350248,0.9976274515738274,0.9973787297218092,0.9976393119250395,0.9965185414142738,0.9915161666830764,0.9910695835378457,0.9916481507710035,0.34619842547032836,0.2601994485422761,0.24553805966688952,0.9944822984955243,0.9963188355009038,0.9988236263085047,0.9983138338981105,0.9979808306049307,0.9978257948309202,0.998176133253192,0.9927075566714666,0.9928460251086153,0.9921191811501666,0.3851482939661505,0.36634734988611234,0.367658189207178,0.993911359921622,0.9899713366573535,0.9916319145910251,0.997203179801651,0.9971951334618637,0.9972226624117158,0.9963719617334202,0.993864269645236,0.9922693755936626,0.993162953229058,0.9915152167695144,0.11903196060716817,0,0.1451112937970001,0.9914802018439496,0.9930690978728948,0.9910997452598087,0.9977470294524355,0.9974774723974613,0.9979807239980811,0.9968416604425412,0.996544238714176,0.9934889052226087,0.9931407307652025,0.9927222445989317,0.15200784580316254,0.15379661365446176,0.13689282408015446
PowerSoil-Pro-HT-5-3,0.9889164356846702,0.9952202016533414,0.9944683898346045,0.9949564858073582,0.9947981134587929,0.9943279162027016,0.9950699230187446,0.9921291440812677,0.9917838125717243,0.2326188394934072,0.22054712712040306,0.20938730348078147,0.9896178784488472,0.9899010446191735,0.9901831815185287,0.9955429948831591,0.9959253531710963,0.995544063139895,0.9957539712614942,0.9951383589469072,0.9954795029669239,0.99011387982013,0.9890029879272517,0.9903488828496845,0.31144960695629353,0.28445784065951,0.25823786219753736,0.9926246773509025,0.9957036886739439,0.9970188850288908,0.9968054306796831,0.996691650247915,0.9965447656451449,0.9966470990247673,0.9916583425320904,0.99153895644605194,0.9910754665368127,0.38346422610654224,0.37419152440724934,0.3753139875986476,0.9918450547103838,0.9889491273195837,0.9895787977583943,0.9953566647868746,0.9946302729576202,0.9948827722945534,0.9937334268111223,0.9928770446404466,0.9911865120195209,0.9917964233110411,0.9905605367047746,0.15947879664128362,0.1451112937970001,0,0.9895216377721591,0.992211307572149,0.9897187962401918,0.9956815878267987,0.9953957928319915,0.9957426199787823,0.9949846018839393,0.9942470600087506,0.9915796419079247,0.9919995243596884,0.9914701380041246,0.1460297175850129,0.1410672825894769,0.14755165918296825
FastSpin-HT-1-1,0.27538023074614976,0.6743538734414872,0.6673176194594703,0.6598464797700014,0.6563538650370428,0.6470885109128913,0.6603280244143225,0.8901627450379047,0.8913982766012134,0.992843694575001,0.9943602555539205,0.9937686780817079,0.2924232426019726,0.2755921596569095,0.3140609246644089,0.6807539500324065,0.6795515783324878,0.6779955854696341,0.6931454357990883,0.7194263490014784,0.6917370656893373,0.8850985658845116,0.8795782140706239,0.8802312494888564,0.9957505273656929,0.9901996639599515,0.993782680333799,0.3866258863343977,0.7327505080277213,0.7481171365555873,0.7312472075630055,0.7562673847181037,0.7497831982108317,0.7442310911867795,0.8948483768619591,0.9001252359101939,0.8897272329238964,0.9954425528407718,0.9940149131590172,0.995634231058518,0.23923065330152246,0.24540436545283553,0.21718735982336332,0.6829846951535704,0.670127706878837,0.7028009409458436,0.656080382936523,0.6311471318678329,0.8836366020497803,0.8742248592383093,0.8780905219884971,0.9932631079327401,0.9914802018439496,0.9895216377721591,0,0.23747993678210969,0.21396956209157633,0.6946911654305904,0.7018749660293756,0.7033400386526881,0.6734492152030613,0.6610126597527614,0.8900763809403643,0.8985418527591879,0.903276869167932,0.9920539630132071,0.990637491702786,0.9925256469814979
FastSpin-HT-1-2,0.30803978656968,0.653259871074689,0.6405832760626211,0.6318690300220985,0.6296188486100807,0.6244138447960335,0.6284352624820718,0.9067466985047884,0.9074097933685539,0.9938178168129498,0.9951868028809225,0.9949378375708832,0.30456309792678316,0.30413938422792236,0.3341824181251448,0.6537610779533676,0.6563311232510389,0.6503950862508465,0.657830152584556,0.7034150263754569,0.6663413563792444,0.9069208181603382,0.9022127156751515,0.901362341922754,0.9973010859359582,0.9927812042397378,0.9968103149102494,0.40551732490275505,0.7195024347533722,0.7301765397240704,0.7155387064252708,0.7419429422591165,0.7348707218972005,0.7239650660505873,0.9171357004914211,0.9224070017227892,0.9128969552441305,0.9967998781385826,0.9960528808640273,0.9968802811344643,0.26553392579657487,0.25033611930787586,0.245295434070317,0.6724071362804444,0.6434282862323305,0.6796214002311902,0.6205586782020913,0.5960064966287261,0.9028605851469599,0.8902626304732546,0.8977070137988901,0.9966343284735703,0.9930690978728948,0.992211307572149,0.23747993678210969,0,0.2372216153933415,0.6780228613077041,0.6878357021612603,0.6848976294112089,0.645090071789122,0.634299441512385,0.9085106035011464,0.9171653687733347,0.9196223933816131,0.9948289024713262,0.9938279409494817,0.9945826151119378
FastSpin-HT-1-3,0.21858831376977209,0.659614324776353,0.654760919747425,0.6447316155964146,0.635661307099515,0.6320111374159131,0.6429366257992946,0.8873856495044348,0.8877497776454469,0.9935275216149769,0.994363654481133,0.9934054335068307,0.26924161007497066,0.26412017457654124,0.2876031456667367,0.6633430564387306,0.6659370900492655,0.6609554372315696,0.680717110193408,0.707059883673407,0.6726896855263015,0.8809157488537387,0.8739128508511584,0.8770487959314034,0.9958800905455278,0.9906969611247824,0.9949316582756017,0.4061404436474871,0.7307695355554756,0.7456164380680316,0.7279366335207368,0.7492069850257456,0.7451438065016316,0.728733524372853,0.898784377654625,0.9029570349812037,0.8915832092016195,0.9958831194700847,0.9941095279725974,0.9962659557982892,0.18741845579338837,0.18873596108929908,0.2003053648955305,0.6718619195446642,0.6559202181078967,0.689981992142462,0.6397739429824243,0.6115495753891429,0.880788859498301,0.8715739430272123,0.8750513152270141,0.9944926428124999,0.9910997452598087,0.9897187962401918,0.21396956209157633,0.2372216153933415,0,0.6853542143379268,0.6903339330296044,0.6917875553971123,0.6598604605568894,0.6473954147891641,0.8908692883503708,0.9000582273964561,0.9047728043332446,0.992601243582064,0.9914887934875652,0.9931809543215677
FastSpin-HT-2-1,0.752115462200808,0.20670507288776932,0.2079623026686276,0.2112377613725378,0.39773653679429305,0.39320835288944483,0.41756631213567524,0.956694375700249,0.953217848582506,0.9972811119234641,0.9941308157128158,0.9971611378454643,0.7364355422777465,0.7415952573857882,0.7491316574656761,0.27491312015028735,0.32047834124550134,0.2761748243021204,0.4305979029680597,0.4676642098860381,0.44719219322621345,0.9565874113286216,0.9520090893202394,0.9543092067471486,0.9983862982997577,0.9971254732180237,0.9986741906603256,0.7736050058112236,0.4408873944142643,0.42037115552437015,0.43301520404659927,0.516357261089947,0.5247986140685863,0.4856841942164387,0.9590314115733516,0.962683263591492,0.9549923438264623,0.9951334606349654,0.9940194805148591,0.9968786581128084,0.6915031443799164,0.7116343984419996,0.6935789256892138,0.19388706459377406,0.17966431546255615,0.1696447322614023,0.3470016907062711,0.4021386475036515,0.9517526989157198,0.9432103898773898,0.9491058629793659,0.9985648061115732,0.9977470294524355,0.9956815878267987,0.6946911654305904,0.6780228613077041,0.6853542143379268,0,0.12212310854913745,0.12204392710981017,0.3445021766428391,0.34579747892886653,0.9487993438249656,0.9537198652653786,0.9559260101760061,0.9967067422435414,0.9957669741084378,0.9974529273774544
FastSpin-HT-2-2,0.7592681868327178,0.20728966734299742,0.2063299223268262,0.21828568720782165,0.43427982283032684,0.41596412542815486,0.4264350530840621,0.9627385314753573,0.959384896341426,0.9974236582543117,0.9962236826431982,0.99738669884403,0.7410383029712584,0.743999518996499,0.7511588170201727,0.30420514704426355,0.3522902204033182,0.31162861530122365,0.4639761065427402,0.49625073156868915,0.4755640890166456,0.9618802953792226,0.9583576149511108,0.9613590565596013,0.9985173616295971,0.9969995645105967,0.9988256375775096,0.7768303712871546,0.466603543350481,0.45749696642851373,0.4575881048437025,0.5452412729310963,0.5523077385924219,0.5181981332549331,0.9653725480326395,0.9668990877499332,0.9606731808316232,0.9968085704320596,0.9960954676761609,0.9972568085325202,0.6923060636573922,0.717217178226253,0.701167185093139,0.19060007316497393,0.16009207255295124,0.15342051729149783,0.3670080746136499,0.4111096361949188,0.9575426486626506,0.9480816221801436,0.955085371729511,0.9979868056783568,0.9974774723974613,0.9953957928319915,0.7018749660293756,0.6878357021612603,0.6903339330296044,0.12212310854913745,0,0.1065658062574129,0.3677541732081566,0.37193542813289326,0.9539069908899209,0.9590043753364058,0.9601324907612043,0.9965624194422215,0.9957377759041185,0.99697047103375
FastSpin-HT-2-3,0.7575989567248493,0.200653456674438,0.19819276013709575,0.21809901874178128,0.4365667682422851,0.41470412946199203,0.42883742406427744,0.9601757626107545,0.9567331168085852,0.9967620243744635,0.9949386288038256,0.9969037505981669,0.7391965743360946,0.7419278002149285,0.7520647933064527,0.2767979120695897,0.3281161498311899,0.2898628567768725,0.4473024608866883,0.47777323253146087,0.46376512350493343,0.9598097866506798,0.9552762123191224,0.9575601327849917,0.9984955783794314,0.9970395678157558,0.9985784039949641,0.7814508158429243,0.44436948372869534,0.4354312854020712,0.4338376842585551,0.5255525789387449,0.5312805212920504,0.49994814601106796,0.9628256264626991,0.9640601130629906,0.9575979322045368,0.9956802005967469,0.9946042681897123,0.9967308885186692,0.6950597884891848,0.7148496332912261,0.6993806662904012,0.17969016464845117,0.16370266376576623,0.1386824122363651,0.36645644156179513,0.4212830393588942,0.9549475028278523,0.9455308518434857,0.952662186141945,0.9982378249833178,0.9979807239980811,0.9957426199787823,0.7033400386526881,0.6848976294112089,0.6917875553971123,0.12204392710981017,0.1065658062574129,0,0.37214170863900475,0.3657368318453562,0.9513067650949366,0.9560697648251518,0.9576547846462875,0.9963966913541891,0.9956174171609403,0.9968686944977091
FastSpin-HT-3-1,0.7339223844144322,0.34625215635700357,0.3463871408898495,0.34997839015258203,0.21091527425732975,0.20792984071214313,0.22708157543057803,0.9517820565592706,0.945610578680568,0.9952467062850613,0.9928138234452485,0.9964691138878319,0.7199287299030904,0.7242604510051271,0.7382975238047872,0.366708279549962,0.39815938727623307,0.37835943612103173,0.25371647523215024,0.30900419445597793,0.28738516949991566,0.9531619515046836,0.9434818097568233,0.9483756586595644,0.9981555131696308,0.997023698657309,0.998515166770248,0.769391553525725,0.5231094068456615,0.5019115050803811,0.49877081154669584,0.36003919267122136,0.3531876052508448,0.323342397457489,0.9498613849476489,0.951895116308447,0.9466980663718197,0.9932855211421,0.9924357465513033,0.9959567649446609,0.6798984304084998,0.6887182117115742,0.665602374433291,0.35648419260428993,0.32627083932128365,0.3676776391704174,0.1550210999470741,0.20762806592260752,0.9472961196213989,0.9387031832816595,0.9435307167574521,0.9976699781792824,0.9968416604425412,0.9949846018839393,0.6734492152030613,0.645090071789122,0.6598604605568894,0.3445021766428391,0.3677541732081566,0.37214170863900475,0,0.13425971291471323,0.9436687975118206,0.9478688544580937,0.9501453711513436,0.9959580893384644,0.994914468757711,0.996162025728138
FastSpin-HT-3-2,0.7255580619803995,0.33385513300375474,0.33678130098987497,0.32871260240563266,0.21951917792726747,0.21721030533106447,0.23443099950123616,0.9520441282309045,0.9470554573758835,0.9958296275184209,0.9922303802439111,0.9954351226069659,0.7058747201303863,0.7091148120939876,0.7282558651437322,0.3437896327053699,0.3669517262566281,0.35433475195070724,0.25653452019432654,0.31785002793833456,0.28587730373802517,0.9522550233534507,0.9437491036910423,0.9482602565482667,0.9978882755577931,0.9968237365927382,0.998358544124314,0.7581848761294977,0.49453008090323997,0.4747958400827134,0.4743829199917011,0.3715520092370685,0.3627946059057345,0.3286179847395033,0.9499748830046552,0.9502985094707342,0.9449676529701286,0.9936681450125686,0.992823644360752,0.9960599537781856,0.6646299023254809,0.675212063732407,0.6502830484948957,0.35130610215149194,0.3244597570258071,0.3569496451725449,0.14925961677414537,0.203455030855274,0.9480652825657673,0.9378581467333513,0.9432084944776141,0.9971420040293132,0.996544238714176,0.9942470600087506,0.6610126597527614,0.634299441512385,0.6473954147891641,0.34579747892886653,0.37193542813289326,0.3657368318453562,0.13425971291471323,0,0.942412599124208,0.9468968600491987,0.9491222797163001,0.9952466568205585,0.9940065187860988,0.9956063877383818
FastSpin-HT-4-1,0.8871015017358602,0.947086840956385,0.9489424452839035,0.9464029326129746,0.9389886218197853,0.9414830047698749,0.9391679946747687,0.1168568463915689,0.1368474759073686,0.993796235069392,0.9902956633486278,0.992735236543274,0.9029208920507505,0.8979794848723405,0.9007048021676565,0.9510396576079772,0.9505232228034007,0.9506889537413122,0.9438772543232634,0.9472242907264342,0.9427190813377944,0.18730656563364645,0.19557805899203207,0.2074744370202217,0.9972938411303324,0.9908751107052534,0.9974193320347198,0.9160148830669272,0.9540732829681394,0.9552437286369506,0.9558920927285691,0.9524261226271882,0.9505893971925197,0.9501168671738663,0.23208334256676086,0.22580569478727142,0.19761259169684484,0.9914885018945471,0.9894780037531881,0.9947944735330496,0.9006123653377452,0.8915600651387585,0.8885107452963221,0.9495158453925495,0.9429721471521175,0.9524604495049367,0.9403488058966313,0.9012388460614431,0.09836624030688422,0.09533598242849418,0.10984325128497557,0.9941906158151219,0.9934889052226087,0.9915796419079247,0.8900763809403643,0.9085106035011464,0.8908692883503708,0.9487993438249656,0.9539069908899209,0.9513067650949366,0.9436687975118206,0.942412599124208,0,0.11121085339678907,0.1377150177308893,0.9924553264394654,0.9923887273794747,0.9940576536118402
FastSpin-HT-4-2,0.8950617990360563,0.9519629364359696,0.9546663437193109,0.9520161521820916,0.9443174630196985,0.9464725216582314,0.9439849005208445,0.1013554403396553,0.10307278521151231,0.9939921714745409,0.9902736475887665,0.9924234690445555,0.9108147788142923,0.905965889295677,0.907903059658027,0.9557342227093084,0.9561377276848574,0.9557539596742799,0.9485860851944378,0.9511633988424014,0.946947764271745,0.1835441265773238,0.18964843793250602,0.21525857001687212,0.9970773148988412,0.9908278874601205,0.997158099506576,0.9223763110023819,0.9590267793847967,0.9584407657668937,0.9601164398554605,0.9540705701400427,0.9540240362732159,0.954216865338054,0.19069907288297863,0.1899735795830967,0.17899366963146687,0.9914559799735795,0.9893598634974079,0.994701994981879,0.9087997905428309,0.9006615178770816,0.8986917423592976,0.9543485427208414,0.9480110422502739,0.9571335386719588,0.9449463646759836,0.9068599263444502,0.11390825513662106,0.11087696594579215,0.1430690746912255,0.9943834507691977,0.9931407307652025,0.9919995243596884,0.8985418527591879,0.9171653687733347,0.9000582273964561,0.9537198652653786,0.9590043753364058,0.9560697648251518,0.9478688544580937,0.9468968600491987,0.11121085339678907,0,0.11264683203886927,0.9923267251783363,0.9924098593226441,0.9939095035173248
FastSpin-HT-4-3,0.9027103226907507,0.9551700552370562,0.9562400111093148,0.9545913868892019,0.9468123186769024,0.9483600662231926,0.9466593218737929,0.14065117999583207,0.1426540510006123,0.9932247208335802,0.9898265587605038,0.9924198295233124,0.9167885182252927,0.912412008700102,0.9148516825761865,0.958626889871077,0.958432410332659,0.9574348736372925,0.9504170411618493,0.9559011967283665,0.9504798426881061,0.22740291584887795,0.230773027626965,0.2533241279160064,0.9964528452706963,0.9905999415637003,0.9965958066202008,0.9289753347179946,0.9622765680056008,0.9628585839109293,0.9626250454451205,0.9582847845239039,0.9578584691703796,0.9564302322272216,0.23463894953421097,0.23106834215774608,0.2221391326249859,0.9919509215573328,0.9897539885901117,0.9945765861483477,0.9127345236884198,0.9035487721118377,0.9031651639091979,0.9563486243368251,0.9504227492098924,0.9591114940780348,0.9472809856838879,0.9102587987548009,0.15105709590407415,0.14361642994242207,0.1619195514087535,0.9936152448207503,0.9927222445989317,0.9914701380041246,0.903276869167932,0.9196223933816131,0.9047728043332446,0.9559260101760061,0.9601324907612043,0.9576547846462875,0.9501453711513436,0.9491222797163001,0.1377150177308893,0.11264683203886927,0,0.9917582308032268,0.9918775917010967,0.9934515545857305
FastSpin-HT-5-1,0.9912163755937383,0.9965144862304354,0.9958891252161631,0.9959984058032232,0.9958096730408275,0.9959734934649315,0.9958050577343498,0.9923679105779786,0.9912603682840889,0.17558186535156792,0.16809188015266416,0.12896941368792803,0.9925699558757093,0.9928028736640296,0.9932861427993751,0.9968141866355078,0.9962796409307755,0.9964504383669844,0.9963056810761685,0.9966745195596171,0.995873831910317,0.9906215311827024,0.9897580062298089,0.9903043221103529,0.26732038985682627,0.22420553103559282,0.19334717953033,0.9957975583907668,0.9958498432814356,0.9974232265584052,0.9972442800426227,0.9967917570580589,0.9967693076037868,0.9968472470564032,0.9917334314117969,0.9914151375049585,0.9907588409421588,0.36392534779479646,0.33516911451952774,0.3338032821135051,0.9948836458024463,0.9915944679828607,0.9926914713274216,0.9967812702414598,0.9957653535257209,0.9962581500520541,0.9954298482644538,0.9946578224889996,0.9919636391044492,0.992905947490042,0.9906502953900402,0.13795235604813638,0.15200784580316254,0.1460297175850129,0.9920539630132071,0.9948289024713262,0.992601243582064,0.9967067422435414,0.9965624194422215,0.9963966913541891,0.9959580893384644,0.9952466568205585,0.9924553264394654,0.9923267251783363,0.9917582308032268,0,0.11088060236720777,0.10446631863694388
FastSpin-HT-5-2,0.9908535079803895,0.9950740829373599,0.995074654650714,0.9945177927583422,0.9948090960101942,0.9942082856093185,0.9942784448457758,0.9923892567797307,0.9914257252535534,0.1956396722550321,0.1968238497778907,0.16050340751656503,0.9910664966815328,0.9923233623063779,0.9921869034257387,0.9951815805238756,0.9955462141246191,0.9954929648755285,0.9945104329682956,0.9949887977947934,0.9942524586900083,0.9910665313809667,0.9897215395573956,0.9904292895006712,0.27479187006882544,0.24562902969668352,0.2108289259080792,0.9941798705285587,0.9949051801230727,0.9960518664497084,0.9953620514840567,0.9954989157681385,0.9954758313200498,0.9954240999129316,0.9918807823588365,0.9914587812008798,0.9910927964717897,0.3465807736771897,0.33141553799828044,0.33270145643740195,0.9936727548205595,0.9908261323386484,0.9917929088590337,0.9958354184344705,0.9950738921565867,0.9950400528807402,0.9945496123409296,0.9934807525126736,0.9916249211668177,0.9924044095669126,0.9908065667151257,0.13397648942026472,0.15379661365446176,0.1410672825894769,0.990637491702786,0.9938279409494817,0.9914887934875652,0.9957669741084378,0.9957377759041185,0.9956174171609403,0.994914468757711,0.9940065187860988,0.9923887273794747,0.9924098593226441,0.9918775917010967,0.11088060236720777,0,0.09764236125425192
FastSpin-HT-5-3,0.9914310440348444,0.9968797165832807,0.9965733871499572,0.9960583484204653,0.9967174287486084,0.9961444755029838,0.9954466810153698,0.9939039553087727,0.9928130611362243,0.17607687710662023,0.1864637387628401,0.1422573902272541,0.9926560910089032,0.993380455732811,0.9938461675733206,0.9973201257186171,0.996427285697097,0.9966660298036187,0.9965985098414147,0.9974036336385409,0.9959249805957382,0.9923033176508951,0.9911186339125155,0.9921619094415517,0.2743700980202248,0.21940042733229836,0.18090193877046995,0.9958665231610376,0.9960804849886219,0.9979585601835159,0.9972990742765862,0.9971805303823283,0.9970837055624991,0.9976757940000984,0.993557869604348,0.9932458588596863,0.9926662793461738,0.3354680589317149,0.3114239487613239,0.31027363621349746,0.9954474757895236,0.9919735206590424,0.9932849250206075,0.99710143102796,0.9960772027938615,0.9963971364710363,0.9956506768761328,0.9942057263340516,0.9928228233260633,0.9940869030586784,0.9922763885227265,0.12183933842292971,0.13689282408015446,0.14755165918296825,0.9925256469814979,0.9945826151119378,0.9931809543215677,0.9974529273774544,0.99697047103375,0.9968686944977091,0.996162025728138,0.9956063877383818,0.9940576536118402,0.9939095035173248,0.9934515545857305,0.10446631863694388,0.09764236125425192,0
